區域,url,name,Google map 名稱
北,"https://www.google.com.tw/maps/place/Fuhong+Beef+Noodles/@25.0459345,121.5060762,16z/data=!4m12!1m6!3m5!1s0x3442a945d6c18af9:0xb7a1544a7798e878!2z56aO56Wl6JSs5p6c!8m2!3d25.0200874!4d121.4996722!3m4!1s0x3442a90e87e6d60b:0x2a5448854fda3233!8m2!3d25.0476044!4d121.5077276?hl=en",富宏牛肉麵,富宏牛肉麵
北,"https://www.google.com.tw/maps/place/River+13/@25.0450147,121.5138201,19.5z/data=!4m12!1m6!3m5!1s0x3442a945d6c18af9:0xb7a1544a7798e878!2z56aO56Wl6JSs5p6c!8m2!3d25.0200874!4d121.4996722!3m4!1s0x3442a97335944ae7:0xe9ff98a627e8ee21!8m2!3d25.0448524!4d121.514193?hl=en",十三川日本拉麵定食,十三川日本拉麵定食(懷寧店)
北,"https://www.google.com.tw/maps/place/%E6%9E%9C%E6%9E%9C%E9%A6%99/@25.0444411,121.5149406,19z/data=!3m1!4b1!4m5!3m4!1s0x3442a9733f97838b:0x152398e3702dc196!8m2!3d25.0444411!4d121.5154878?hl=en",果果香,果果香
北,"https://www.google.com.tw/maps/place/Breeze+Taipei+Station/@25.0478915,121.5150895,18.25z/data=!4m12!1m6!3m5!1s0x3442a9733f97838b:0x152398e3702dc196!2z5p6c5p6c6aaZ!8m2!3d25.0444411!4d121.5154878!3m4!1s0x3442a96d81d130e9:0x6117b31db9ebb9c1!8m2!3d25.0481092!4d121.5166627?hl=en",台北車站,微風台北車站
北,"https://www.google.com.tw/maps/place/50%E5%B5%90+%E9%96%8B%E5%B0%81%E5%BA%97/@25.0438327,121.5117731,16.75z/data=!4m8!1m2!2m1!1z5LqU5Y2B5bWQ!3m4!1s0x0:0xf82babbb6ce49b0c!8m2!3d25.0461288!4d121.513947?hl=en",50嵐 開封店,50嵐 開封店
北,"https://www.google.com.tw/maps/place/Jen+Ju+Dan/@25.0460363,121.513879,21z/data=!4m8!1m2!2m1!1z5LqU5Y2B5bWQ!3m4!1s0x3442a90cd5939f5d:0x8503730e27f26f6e!8m2!3d25.0461391!4d121.513906?hl=en",珍煮丹 北車開封店,珍煮丹 北車開封店
北,"https://www.google.com/maps/place/%E5%A4%A7%E7%A2%A9%E7%A0%94%E7%A9%B6%E6%89%80/@25.045923,121.5103713,17z/data=!3m1!4b1!4m5!3m4!1s0x0:0x1b15bfd63b3cf324!8m2!3d25.045923!4d121.51256?hl=en-US",台北大碩,大碩研究所
北,"https://www.google.com/maps/place/TKB%E4%B8%AD%E5%A3%A2%E6%95%B8%E4%BD%8D%E5%AD%B8%E5%A0%82/@24.9584086,121.1919125,14z/data=!3m1!5s0x3468224928577d11:0x35468363f1fd5b1!4m10!1m2!2m1!1zVEtC5Lit5aOi5pW45L2N5a245aCC!3m6!1s0x3468224927c2c0db:0x3e60eeec8d33b653!8m2!3d24.9520907!4d121.2252617!15sChVUS0LkuK3lo6LmlbjkvY3lrbjloIKSARpjaXZpbF9leGFtaW5hdGlvbnNfYWNhZGVteeABAA!16s%2Fg%2F11clglpg0z",中壢大碩,TKB中壢數位學堂
北,"https://www.google.com/maps/place/%E6%96%B0%E7%AB%B9%E5%A4%A7%E7%A2%A9%E7%A0%94%E7%A9%B6%E6%89%80/@24.8035292,120.9739808,20z/data=!4m5!3m4!1s0x346835c240c90c65:0x9873b77565f9bf77!8m2!3d24.8035667!4d120.9737682?hl=en-US",新竹大碩,新竹大碩研究所
中,"https://www.google.com/maps/place/%E5%A4%A7%E7%A2%A9%E7%A0%94%E7%A9%B6%E6%89%80/@24.1370655,120.6820279,19z/data=!4m8!1m2!2m1!1z5aSn56Kp!3m4!1s0x0:0xcd0a2ea8394f4ae9!8m2!3d24.1372194!4d120.6820706?hl=en-US",台中大碩,大碩研究所
南,"https://www.google.com/maps/place/%E5%A4%A7%E7%A2%A9%E7%A0%94%E7%A9%B6%E6%89%80(%E5%8F%B0%E5%8D%97%E9%A4%A8)/@22.997674,120.208462,15z/data=!4m5!3m4!1s0x0:0xdc5f4eadb494d841!8m2!3d22.9976735!4d120.2084621?hl=en-US",台南大碩,大碩研究所(台南館)
南,"https://www.google.com/maps/place/%E5%A4%A7%E7%A2%A9%E7%A0%94%E7%A9%B6%E6%89%80/@22.6360134,120.3029245,16.5z/data=!4m5!3m4!1s0x0:0x98072e38a58f0785!8m2!3d22.6359816!4d120.3041751?hl=en-US",高雄大碩,大碩研究所-高雄大碩
北,"https://www.google.com/maps/place/%E5%8F%B0%E5%8C%97%E6%B4%8B%E7%A2%A9%E7%BE%8E%E8%AA%9E/@25.0471797,121.5120063,19z/data=!4m5!3m4!1s0x3442a90d177ffa51:0xd1b3c6350b054e8f!8m2!3d25.0471797!4d121.5125535?hl=en-US",台北洋碩,台北洋碩美語-英文補習班
北,"https://www.google.com/maps/place/TKB%E5%85%AC%E9%A4%A8%E6%95%B8%E4%BD%8D%E5%AD%B8%E5%A0%82+(%E5%A4%A7%E7%A2%A9%E7%A0%94%E7%A9%B6%E6%89%80%2F%E7%99%BE%E5%AE%98%E7%B6%B2%E5%85%AC%E8%81%B7%2F%E5%A4%9A%E7%9B%8ATOEIC+%2F+%E9%9B%85%E6%80%9DIELTS+%2F+%E6%89%98%E7%A6%8FTOEFL+%2F+GRE+%2F+%E6%9B%B8%E5%AF%A9%E5%8F%A3%E8%A9%A6%EF%BC%89/@25.0167533,121.5297519,17z/data=!4m14!1m7!3m6!1s0x3442aa01039e2197:0xda8e14556a9a793a!2zVEtC5YWs6aSo5pW45L2N5a245aCCICjlpKfnoqnnoJTnqbbmiYAv55m-5a6Y57ay5YWs6IG3L-WkmuebilRPRUlDIC8g6ZuF5oCdSUVMVFMgLyDmiZjnpo9UT0VGTCAvIEdSRSAvIOabuOWvqeWPo-ippu-8iQ!8m2!3d25.0167533!4d121.5319406!16s%2Fg%2F11_vxf7d3!3m5!1s0x3442aa01039e2197:0xda8e14556a9a793a!8m2!3d25.0167533!4d121.5319406!16s%2Fg%2F11_vxf7d3?",公館數位學堂,TKB公館數位學堂 (大碩研究所/百官網公職/多益TOEIC / 雅思IELTS / 托福TOEFL / GRE / 書審口試）
北,"https://www.google.com/maps/place/TKB%E6%95%B8%E4%BD%8D%E5%AD%B8%E5%A0%82(%E6%96%B0%E8%8E%8A%E4%B8%AD%E6%AD%A3%E9%A4%A8)(%E7%99%BE%E5%AE%98%E7%B6%B2%E5%85%AC%E8%81%B7%2F%E6%B4%8B%E7%A2%A91%E5%B0%8D5%E7%BE%8E%E8%AA%9E%2F%E5%A4%A7%E7%A2%A9%E7%A0%94%E7%A9%B6%E6%89%80%2F%E7%94%84%E6%88%B0:%E9%AB%98%E4%B8%AD%E5%8D%87%E5%A4%A7%E6%95%B8%E4%BD%8D%E8%AA%B2%E7%A8%8B)/@25.0365068,121.453012,19z/data=!4m12!1m6!3m5!1s0x0:0xfad47bf1d902523e!2zVEtC5pW45L2N5a245aCCKOaWsOiOiuS4reato-mkqCko55m-5a6Y57ay5YWs6IG3L-a0i-eiqTHlsI01576O6KqeL-Wkp-eiqeeglOeptuaJgC_nlITmiLA66auY5Lit5Y2H5aSn5pW45L2N6Kqy56iLKQ!8m2!3d25.0365362!4d121.4532989!3m4!1s0x0:0xfad47bf1d902523e!8m2!3d25.0365362!4d121.4532989?hl=en",新莊中正數位學堂,TKB數位學堂(新莊中正館)
中,"https://www.google.com/maps/place/%E5%8F%B0%E4%B8%AD%E6%B4%8B%E7%A2%A9%E7%BE%8E%E8%AA%9E/@24.136016,120.681921,15z/data=!4m5!3m4!1s0x0:0x3b083c81c705c8a0!8m2!3d24.1360157!4d120.6819213?hl=en-US",台中洋碩,台中洋碩美語
中,"https://www.google.com/maps/place/%E6%B4%8B%E7%A2%A9%E7%BE%8E%E8%AA%9E+%E8%A5%BF%E5%B1%AF%E5%BA%97/@24.172795,120.646434,15z/data=!4m5!3m4!1s0x0:0xe652fa8def4afdd7!8m2!3d24.172795!4d120.646434?hl=en-US",西屯洋碩,台中洋碩美語 西屯店
南,"https://www.google.com/maps/place/%E5%8F%B0%E5%8D%97%E6%B4%8B%E7%A2%A9%E7%BE%8E%E8%AA%9E/@22.997618,120.208644,15z/data=!4m5!3m4!1s0x0:0x7fe5fd4777db62f9!8m2!3d22.9976175!4d120.2086437?hl=en-US",台南洋碩,台南洋碩美語
南,"https://www.google.com/maps/place/%E9%AB%98%E9%9B%84%E6%B4%8B%E7%A2%A9%E7%BE%8E%E8%AA%9E/@22.635982,120.304175,15z/data=!4m5!3m4!1s0x0:0x1faaa312b69c3584!8m2!3d22.6359816!4d120.3041751?hl=en-US",高雄洋碩,高雄洋碩美語
北,"https://www.google.com/maps/place/%E6%96%B0%E7%AB%B9%E6%B4%8B%E7%A2%A9%E7%BE%8E%E8%AA%9E/@24.8035349,120.9738396,21z/data=!4m5!3m4!1s0x346835c2f2250b61:0x849e574408a785fc!8m2!3d24.8035731!4d120.9738282?hl=en-US",新竹洋碩,新竹洋碩美語
中,"https://www.google.com/maps/place/TKB%E5%A4%A7%E7%A2%A9%E8%8B%97%E6%A0%97%E6%95%B8%E4%BD%8D%E5%AD%B8%E5%A0%82/@24.5695286,120.8230057,17z/data=!3m1!4b1!4m5!3m4!1s0x0:0x31c95e0509d47199!8m2!3d24.5695286!4d120.8230057?hl=en",苗栗數位學堂,TKB大碩苗栗數位學堂
北,"https://www.google.com/maps/place/TKB%E5%8F%B0%E5%8C%97%E6%95%B8%E4%BD%8D%E5%AD%B8%E5%A0%82(%E7%A0%94%E7%A9%B6%E6%89%80%2F%E5%85%AC%E8%81%B7%2F%E5%9C%8B%E7%87%9F%E4%BA%8B%E6%A5%AD%2FPMP.ACP.PBA.RMP%2F%E5%A4%9A%E7%9B%8A%E6%89%98%E7%A6%8F%E9%9B%85%E6%80%9DGRE.GMAT%2F%E5%87%BA%E5%9C%8B%E7%95%99%E9%81%8A%E5%AD%B8%E4%BB%A3%E8%BE%A6%2F%E9%AB%98%E5%8D%87%E5%A4%A7%E4%B8%80%E9%BB%9E%E9%80%9A%E6%95%B8%E4%BD%8D%E6%95%99%E6%9D%90%2F%E6%8A%80%E5%B8%AB%2F%E7%B6%93%E6%BF%9F%E9%83%A8%E8%81%AF%E6%8B%9B%2F%E4%B8%AD%E8%8F%AF%E9%9B%BB%E4%BF%A1)/@25.0459043,121.5125784,20z/data=!4m15!1m8!3m7!1s0x3442a90ce7ad3edd:0xe705af4e2af312e3!2zMTAw5Y-w5YyX5biC5Lit5q2j5Y2A6ZaL5bCB6KGX5LiA5q61MzLomZ8!3b1!8m2!3d25.0459143!4d121.5125885!16s%2Fg%2F11c23y768b!3m5!1s0x3442a90ce7ad3edd:0xb489f9957acc1c99!8m2!3d25.0459733!4d121.512505!16s%2Fg%2F1w0h569v",台北數位學堂,TKB台北數位學堂(研究所/公職/國營事業/PMP.ACP.PBA.RMP/多益托福雅思GRE.GMAT/出國留遊學代辦/高升大一點通數位教材/技師/經濟部聯招/中華電信)
北,"https://www.google.com/maps/place/TKB%E6%95%B8%E4%BD%8D%E5%AD%B8%E5%A0%82(%E4%B8%89%E5%B3%BD%E5%AD%B8%E5%A0%82)/@24.942668,121.372789,15z/data=!4m5!3m4!1s0x0:0x1fc5d6791210c57a!8m2!3d24.9426684!4d121.3727892?hl=en-US",三峽數位學堂,TKB(大碩)三峽數位學堂 公職/國營/TOEFL/GRE/TOEIC/IELTS/GMAT/研究所/高中升大學數位教材
北,"https://www.google.com/maps/place/TKB%E6%95%B8%E4%BD%8D%E5%AD%B8%E5%A0%82(%E6%96%B0%E8%8E%8A%E5%BB%BA%E8%88%88%E9%A4%A8)/@25.0360987,121.4497853,21z/data=!4m8!1m2!2m1!1z5paw6I6KIOaVuOS9jeWtuOWggg!3m4!1s0x0:0x2a94fc50d5034b96!8m2!3d25.036065!4d121.4498686?hl=en",新莊建興數位學堂,TKB數位學堂(新莊建興館)
北,"https://www.google.com/maps/place/TKB%E6%9E%97%E5%8F%A3%E6%95%B8%E4%BD%8D%E5%AD%B8%E5%A0%82(%E7%99%BE%E5%AE%98%E7%B6%B2%E5%85%AC%E8%81%B7%2F%E5%9C%8B%E7%87%9F%EF%BC%8C%E5%A4%A7%E7%A2%A9%E7%A0%94%E7%A9%B6%E6%89%80)/@25.058683,121.367303,15z/data=!4m5!3m4!1s0x0:0x1934a97ac4612d3e!8m2!3d25.0586832!4d121.3673031?hl=en-US",林口數位學堂,TKB林口數位學堂（百官網公職/國營、大碩研究所、洋碩美語、甄戰書審口面試）
北,"https://www.google.com/maps/place/TKB%E6%A1%83%E5%9C%92%E6%95%B8%E4%BD%8D%E5%AD%B8%E5%A0%82(%E5%85%AC%E8%81%B7%2F%E7%A0%94%E7%A9%B6%E6%89%80%2F%E8%BD%89%E5%AD%B8%E8%80%83%2F%E6%B4%8B%E7%A2%A9%2F%E7%94%84%E6%88%B0)/@24.989875,121.311946,15z/data=!4m5!3m4!1s0x0:0xf8982d48864941ee!8m2!3d24.989875!4d121.311946?hl=en-US",桃園數位學堂,TKB桃園數位學堂 (大碩研究所/百官公職/國營/龍門轉學考/甄戰書審/洋碩美語）
北,"https://www.google.com/maps/place/TKB%E4%B8%AD%E5%A3%A2%E6%95%B8%E4%BD%8D%E5%AD%B8%E5%A0%82/@24.9520942,121.2252504,20.5z/data=!4m5!3m4!1s0x3468224927c2c0db:0x3e60eeec8d33b653!8m2!3d24.9520969!4d121.2252611?hl=en-US",中壢數位學堂,TKB中壢數位學堂
北,"https://www.google.com/maps/place/TKB%E6%96%B0%E7%AB%B9%E6%95%B8%E4%BD%8D%E5%AD%B8%E5%A0%82%2F%E7%99%BE%E5%AE%98%E7%B6%B2/@24.8035938,120.9736629,21z/data=!4m5!3m4!1s0x346835c240c90c65:0xdef95c625e91df07!8m2!3d24.803587!4d120.9737539?hl=en-US",新竹數位學堂,TKB新竹數位學堂/百官網
中,"https://www.google.com/maps/place/TKB+digital+school/@24.137207,120.682039,15z/data=!4m5!3m4!1s0x0:0x55fe05f014283777!8m2!3d24.1372067!4d120.6820394",台中數位學堂,TKB 台中數位學堂/台中百官網公職
中,"https://www.google.com/maps/place/TKB%E8%A5%BF%E5%B1%AF%E6%95%B8%E4%BD%8D%E5%AD%B8%E5%A0%82%2F%E5%A4%A7%E7%A2%A9%E7%A0%94%E7%A9%B6%E6%89%80%E8%A5%BF%E5%B1%AF%E7%8F%AD/@24.1728655,120.6466388,15.25z/data=!4m5!3m4!1s0x0:0x661105ba3df3d303!8m2!3d24.172795!4d120.646434?hl=en-US",西屯數位學堂,百官網公職/大碩研究所/龍門轉學考(TKB西屯總部)
中,"https://www.google.com/maps/place/TKB%E4%B8%AD%E7%A7%91%E6%95%B8%E4%BD%8D%E5%AD%B8%E5%A0%82%2F%E5%8F%B0%E4%B8%AD%E5%A4%A7%E7%A2%A9%E4%B8%AD%E7%A7%91%E7%8F%AD/@24.183202,120.591789,15z/data=!4m5!3m4!1s0x0:0xfd8406551599bcbf!8m2!3d24.1832023!4d120.5917894?hl=en-US",中科數位學堂,TKB中科數位學堂/台中大碩東海班
中,"https://www.google.com/maps/place/TKB%E5%BD%B0%E5%8C%96%E6%95%B8%E4%BD%8D%E5%AD%B8%E5%A0%82%2F%E5%A4%A7%E7%A2%A9%E7%A0%94%E7%A9%B6%E6%89%80%2F%E9%BE%8D%E9%96%80%E8%BD%89%E5%AD%B8%E8%80%83/@24.079849,120.537957,15z/data=!4m5!3m4!1s0x0:0x4dab4a8a5897bf6d!8m2!3d24.0798486!4d120.5379565?hl=en-US",彰化數位學堂,TKB彰化數位學堂/大碩研究所/龍門轉學考
中,"https://www.google.com/maps/place/TKB%E6%95%B8%E4%BD%8D%E5%AD%B8%E5%A0%82/@23.7118082,120.5434538,20.25z/data=!4m13!1m7!3m6!1s0x346ec8309e71438d:0xdc01d2f3461f33cf!2sNo.+34,+Zhenbei+Road,+Douliu+City,+Yunlin+County,+640!3b1!8m2!3d23.7119233!4d120.5434076!3m4!1s0x346ec83a7fcd9ab1:0xe8af41fe0f4683f0!8m2!3d23.7118697!4d120.543454?hl=en-US",斗六數位學堂,TKB數位學堂
南,"https://www.google.com/maps/place/TKB+digital+school/@23.480394,120.44353,15z/data=!4m5!3m4!1s0x0:0x4253b6468f54b3ed!8m2!3d23.4803938!4d120.4435299?hl=en-US",嘉義數位學堂,TKB數位學堂(嘉義館)
南,"https://www.google.com/maps/place/TKB%E6%95%B8%E4%BD%8D%E5%AD%B8%E5%A0%82/@23.554222,120.470251,13z/data=!4m5!3m4!1s0x0:0x83e2371502588fd5!8m2!3d23.5542221!4d120.4702509?hl=en",民雄數位學堂,TKB數位學堂
南,"https://www.google.com/maps/place/TKB%E6%95%B8%E4%BD%8D%E5%AD%B8%E5%A0%82/@22.997542,120.208718,15z/data=!4m5!3m4!1s0x0:0xa9176c28fc67ef49!8m2!3d22.9975423!4d120.2087178?hl=en-US",台南數位學堂,TKB台南數位學堂
南,"https://www.google.com/maps/place/TKB+digital+school/@22.635982,120.304175,15z/data=!4m5!3m4!1s0x0:0x5467c9e4131771c5!8m2!3d22.6359816!4d120.3041751?hl=en-US",高雄數位學堂,TKB高雄數位學堂(百官網公職)
南,"https://www.google.com/maps/place/TKB%E5%8C%97%E9%AB%98%E6%95%B8%E4%BD%8D%E5%AD%B8%E5%A0%82/@22.726067,120.294632,15z/data=!4m5!3m4!1s0x0:0xaac12773420b86d4!8m2!3d22.7260674!4d120.2946324?hl=en-US",北高數位學堂,TKB北高數位學堂
南,"https://www.google.com/maps/place/TKB%E6%A5%A0%E6%A2%93%E6%95%B8%E4%BD%8D%E5%AD%B8%E5%A0%82/@22.727203,120.324765,15z/data=!4m5!3m4!1s0x0:0xcf476ce7a3d10564!8m2!3d22.727203!4d120.3247652?hl=en-US",楠梓數位學堂,臺灣知識庫股份有限公司 /TKB楠梓數位學堂/大碩研究所
南,"https://www.google.com/maps/place/TKB%E6%95%B8%E4%BD%8D%E5%AD%B8%E5%A0%82%2F%E5%A4%A7%E7%A2%A9%E7%A0%94%E7%A9%B6%E6%89%80-%E5%B1%8F%E6%9D%B1%E9%A4%A8/@22.669591,120.48745,15z/data=!4m5!3m4!1s0x0:0x5d35e4a7b50ae728!8m2!3d22.669591!4d120.4874499?hl=en-US",屏東數位學堂,TKB屏東數位學堂/大碩研究所/百官網公職/洋碩美語
北,"https://www.google.com/maps/place/TKB+%E7%99%BE%E5%AE%98%E7%B6%B2%E5%85%AC%E8%81%B7%2F%E9%AB%98%E6%99%AE%E8%80%83%2F%E5%9C%8B%E7%87%9F%2F%E6%8A%80%E5%B8%AB%E8%A3%9C%E7%BF%92%E7%8F%AD/@25.047141,121.512606,15z/data=!4m5!3m4!1s0x0:0xdb33cf1e838af71d!8m2!3d25.047141!4d121.512606?hl=en-US",台北百官,TKB 百官網公職/高普考/國營/技師/PMP證照/研究所/高中升大學習歷程補習班
北,"https://www.google.com/maps/place/TKB+%E7%99%BE%E5%AE%98%E7%B6%B2/@24.9522404,121.225304,20z/data=!4m5!3m4!1s0x3468224927c2c0db:0x5b7eb2b26660a6a1!8m2!3d24.9522839!4d121.225338?hl=en-US",中壢學堂‧百官網公職,TKB 百官網
中,"https://www.google.com/maps/place/TKB+%E5%8F%B0%E4%B8%AD%E7%99%BE%E5%AE%98%E7%B6%B2/@24.1372194,120.6815233,19z/data=!3m1!4b1!4m5!3m4!1s0x34693d13e95aabad:0x20238abc0b1406fc!8m2!3d24.1372194!4d120.6820705",台中百官,TKB 台中數位學堂/台中百官網公職
南,"https://www.google.com/maps/place/TKB+%E7%99%BE%E5%AE%98%E7%B6%B2/@22.9972101,120.2066671,17.75z/data=!4m8!1m2!2m1!1z5Y-w5Y2XIOeZvuWumA!3m4!1s0x0:0x3be8f039351c664b!8m2!3d22.9975782!4d120.208438?hl=en-US",台南大碩‧百官網公職,TKB 台南百官網
南,"https://www.google.com/maps/place/TKB+%E7%99%BE%E5%AE%98%E7%B6%B2/@22.6359761,120.234139,12z/data=!4m8!1m2!2m1!1z6auY6ZuEIOeZvuWumA!3m4!1s0x0:0x8cadcbcb03202a41!8m2!3d22.6359761!4d120.3041768?hl=en-US",高雄大碩‧百官網公職,TKB高雄數位學堂(百官網公職)
北,"https://www.google.com/maps/place/%E9%BE%8D%E9%96%80%E8%BD%89%E5%AD%B8%E8%80%83/@25.0459135,121.512589,15z/data=!4m8!1m2!2m1!1z5Y-w5YyXIOm-jemWgA!3m4!1s0x0:0x6caca2a7cf57300b!8m2!3d25.0459696!4d121.5125442?hl=en-US",台北龍門,龍門轉學考
北,"https://www.google.com/maps/place/%E6%96%B0%E7%AB%B9%E9%BE%8D%E9%96%80%E8%BD%89%E5%AD%B8%E8%80%83/@24.8035727,120.9475712,13z/data=!4m8!1m2!2m1!1z5paw56u5IOm-jemWgA!3m4!1s0x0:0xf4ab98996647c360!8m2!3d24.8035746!4d120.9738278?hl=en-US",新竹學堂‧龍門,新竹龍門轉學考
中,"https://www.google.com/maps/place/%E5%8F%B0%E4%B8%AD%E9%BE%8D%E9%96%80%E8%BD%89%E5%AD%B8%E8%80%83/@24.137218,120.682069,15z/data=!4m5!3m4!1s0x0:0xef80ab4c96b51b94!8m2!3d24.137218!4d120.6820689?hl=en-US",台中大碩‧龍門,台中龍門轉學考/先修微積分/大學重考
南,"https://www.google.com/maps/place/%E9%BE%8D%E9%96%80%E8%BD%89%E5%AD%B8%E8%80%83/@22.9971823,120.2085394,18.75z/data=!4m5!3m4!1s0x0:0x1d18ab066d470978!8m2!3d22.9975784!4d120.208438?hl=en-US",台南大碩‧龍門,龍門轉學考
南,"https://www.google.com/maps/place/%E9%BE%8D%E9%96%80%E8%BD%89%E5%AD%B8%E8%80%83/@22.635982,120.304175,10z/data=!4m5!3m4!1s0x0:0x2c37dcaa5f6c89bd!8m2!3d22.6359816!4d120.3041751?hl=en-US",高雄大碩‧龍門,高雄龍門轉學考
北,"https://www.google.com/maps/place/%E5%8F%B0%E5%8C%97%E7%94%84%E6%88%B0%E5%AD%B8%E7%BF%92%E9%A1%A7%E5%95%8F%E4%B8%AD%E5%BF%83/@25.047152,121.512522,15z/data=!4m5!3m4!1s0x0:0xb850cf6b061f4531!8m2!3d25.047152!4d121.512522?hl=en-US",台北甄戰,台北甄戰學習顧問中心
北,"https://www.google.com/maps/place/%E6%A1%83%E5%9C%92%E7%94%84%E6%88%B0%E5%AD%B8%E7%BF%92%E9%A1%A7%E5%95%8F%E4%B8%AD%E5%BF%83/@24.989899,121.312038,15z/data=!4m5!3m4!1s0x0:0x9d2ce6edaba2829b!8m2!3d24.9898985!4d121.3120379?hl=en-US",桃園甄戰,桃園甄戰學習顧問
北,"https://www.google.com/maps/place/%E4%B8%AD%E5%A3%A2%E7%94%84%E6%88%B0%E5%AD%B8%E7%BF%92%E9%A1%A7%E5%95%8F/@24.952097,121.225261,15z/data=!4m5!3m4!1s0x0:0xd4118db72172cb24!8m2!3d24.9520969!4d121.2252611?hl=en-US",中壢甄戰,中壢甄戰學習顧問
北,"https://www.google.com/maps/place/%E6%96%B0%E7%AB%B9%E7%94%84%E6%88%B0%E5%AD%B8%E7%BF%92%E9%A1%A7%E5%95%8F%E4%B8%AD%E5%BF%83/@24.803573,120.973828,15z/data=!4m5!3m4!1s0x0:0xa13fde8fec5ff179!8m2!3d24.8035731!4d120.9738282?hl=en-US",新竹甄戰,新竹甄戰學習顧問中心
中,"https://www.google.com/maps/place/%E5%8F%B0%E4%B8%AD%E7%94%84%E6%88%B0%E5%AD%B8%E7%BF%92%E9%A1%A7%E5%95%8F%E4%B8%AD%E5%BF%83(%E5%A4%A7%E7%A2%A9%E5%BE%A9%E8%88%88%E6%95%99%E5%AE%A4)/@24.134245,120.681997,15z/data=!4m5!3m4!1s0x0:0xc63573b4cbb2f17b!8m2!3d24.134245!4d120.681997?hl=en-US",台中甄戰,台中甄戰學習顧問中心(大碩復興教室)
南,"https://www.google.com/maps/place/%E9%AB%98%E5%B1%8F%E7%94%84%E6%88%B0%E5%AD%B8%E7%BF%92%E9%A1%A7%E5%95%8F%E4%B8%AD%E5%BF%83/@22.6354383,120.3043742,18.75z/data=!4m5!3m4!1s0x0:0x25c4566072d4b807!8m2!3d22.6359816!4d120.3041751?hl=en-US",高雄甄戰,高雄甄戰學習顧問
南,"https://www.google.com.tw/maps/place/%E5%98%89%E5%8D%97%E7%94%84%E6%88%B0%E5%AD%B8%E7%BF%92%E9%A1%A7%E5%95%8F/@22.9975784,120.2078908,19z/data=!3m1!4b1!4m5!3m4!1s0x346e768b0757ff11:0xc6334e1dc9cf8eac!8m2!3d22.9975784!4d120.208438?hl=en",嘉南甄戰,嘉南甄戰學習顧問
北,"https://www.google.com.tw/maps/place/%E6%B7%A1%E6%B0%B4%E6%B4%8B%E7%A2%A9%E7%BE%8E%E8%AA%9E/@25.176624,121.4460893,17z/data=!3m1!4b1!4m5!3m4!1s0x3442af963d153c5d:0xeb40b2af2cd9a756!8m2!3d25.176624!4d121.448278?hl=en",淡水洋碩美語,淡水洋碩美語
北,"https://www.google.com.tw/maps/place/TKB+digital+school/@25.1766192,121.4481178,19z/data=!4m8!1m2!2m1!1z5reh5rC05a245aCC!3m4!1s0x3442aff7ae2a02e5:0xb889cddd5107e510!8m2!3d25.1766528!4d121.4482825?hl=en",淡水學堂,TKB數位學堂（大碩研究所、百官網公職、國考、洋碩美語、甄戰一點通）
北,"https://www.google.com.tw/maps/place/TKB%E6%95%B8%E4%BD%8D%E5%AD%B8%E5%A0%82(%E5%AE%9C%E8%98%AD%E5%AD%B8%E5%A0%82)/@24.7509908,121.7477725,17z/data=!3m1!4b1!4m5!3m4!1s0x3467e4e655555555:0x4fde9934672d5365!8m2!3d24.7509908!4d121.7499612?hl=en",TKB數位學堂(宜蘭學堂),TKB宜蘭數位學堂（研究所/公職國營/大學轉學考/高中升大/國中升高/多益/雅思/托福/GRE/GMAT）
東,"https://www.google.com.tw/maps/place/TKB+digital+school/@23.9057066,121.4979123,13z/data=!4m8!1m2!2m1!1zVEtC5aO96LGQ5pW45L2N5a245aCC!3m4!1s0x3468a3e0e6db7ef1:0x9278b0b6695c0f20!8m2!3d23.9057066!4d121.5329312?hl=en",TKB壽豐數位學堂,TKB壽豐數位學堂(研究所/國營公職/大學轉學考/高中升大/國中升高中/多益/雅思/托福/GRE/GMAT)
東,"https://www.google.com.tw/maps/place/%E5%A3%BD%E8%B1%90%E6%95%B8%E4%BD%8D%E5%AD%B8%E5%A0%82%2F%E8%8A%B1%E8%93%AE%E9%9B%B2%E7%AB%AF%E5%AD%B8%E7%BF%92%E9%96%80%E5%B8%82/@23.9816724,121.603915,17z/data=!3m1!4b1!4m5!3m4!1s0x34689fb5dd237d1f:0x1434f33a3e41f288!8m2!3d23.9816724!4d121.6061037?hl=en",壽豐數位學堂/花蓮雲端學習門市,TKB影音課程中心(花蓮門市)－大碩/龍門/百官網公職/洋碩美語/甄戰學習顧問中心/甄戰一點通
中,"https://www.google.com.tw/maps/place/TKB%E8%99%8E%E5%B0%BE%E5%AD%B8%E5%A0%82/@23.7022161,120.4246573,17z/data=!3m1!4b1!4m5!3m4!1s0x346eb0abcff75143:0x37679ec781a4a7fd!8m2!3d23.7022161!4d120.426846?hl=en",TKB虎尾學堂,TKB虎尾學堂
北,"https://www.google.com.tw/maps/place/%E5%85%AC%E9%A4%A8%E6%B4%8B%E7%A2%A9%E7%BE%8E%E8%AA%9E/@25.0167533,121.5297519,17z/data=!3m1!4b1!4m5!3m4!1s0x3442a9970ffccd2d:0x60292218f9fd764a!8m2!3d25.0167533!4d121.5319406?hl=en",公館洋碩美語,公館洋碩美語
北,"https://www.google.com/maps/place/%E4%B8%AD%E5%A3%A2%E6%B4%8B%E7%A2%A9%E7%BE%8E%E8%AA%9E-%E8%8B%B1%E6%96%87%E8%A3%9C%E7%BF%92%E7%8F%AD%EF%BC%9A5%E4%BA%BA%E5%B0%8F%E7%8F%AD%E5%8F%A3%E8%AA%AA%2F1%E5%B0%8D1%E5%AE%B6%E6%95%99%2F%E5%A4%9A%E7%9B%8ATOEIC%2F%E6%89%98%E7%A6%8FTOEFL%2F%E9%9B%85%E6%80%9DIELTS%2FGRE%2FGMAT%2F%E5%95%86%E7%94%A8%E8%81%B7%E5%A0%B4%E8%8B%B1%E6%96%87%E6%9C%83%E8%A9%B1%2F%E8%88%AA%E7%A9%BA%E7%BE%8E%E8%AA%9E/@24.9520969,121.2230724,17z/data=!3m1!4b1!4m5!3m4!1s0x3468224927c2c0dd:0xe8f191a9e1542fdb!8m2!3d24.9520969!4d121.2252611?hl=en",中壢洋碩,中壢洋碩美語
北,"https://www.google.com/maps/place/%E5%BF%97%E5%85%89%E6%95%B8%E4%BD%8D%E5%AD%B8%E9%99%A2-%E6%96%B0%E8%8E%8A%E5%88%86%E6%A0%A1-%E5%9C%8B%E8%80%83%2F%E5%B0%B1%E6%A5%AD%2F%E8%AD%89%E7%85%A7%2F%E5%8D%87%E5%A4%A7+%E8%A3%9C%E7%BF%92%E7%8F%AD/@25.0347373,121.4455542,17z/data=!3m1!4b1!4m6!3m5!1s0x3442a875628a29dd:0x7d9f5a166afc09f4!8m2!3d25.0347373!4d121.4455542!16s%2Fg%2F1pzx5csjx?authuser=0&hl=en",志光數位學院-新莊分校-國考/公職/升大學/升高中補習班,志光數位學院-新莊分校-國考/就業/證照/升大 補習班
北,"https://www.google.com/maps/place/%E5%8F%B0%E5%8C%97%E5%BF%97%E5%85%89%E8%A3%9C%E7%BF%92%E7%8F%AD-%E5%85%AC%E8%81%B7%2F%E9%AB%98%E6%99%AE%E8%80%83%2F%E5%8F%B8%E6%B3%95%E7%89%B9%E8%80%83%2F%E8%AD%A6%E5%AF%9F%E8%AD%A6%E5%B0%88%2F%E5%9C%8B%E7%87%9F%E4%BA%8B%E6%A5%AD/@25.045911,121.5138672,17z/data=!3m1!4b1!4m6!3m5!1s0x3442a90cd4329b3f:0x892f43a9e82ac26e!8m2!3d25.045911!4d121.5138672!16s%2Fg%2F1pzstb4wq?authuser=0&hl=en",台北志光補習班-公職/高普考/司法特考/警察警專/國營事業,台北志光補習班-公職/高普考/司法特考/警察警專/國營事業
北,"https://www.google.com/maps/place/%E5%BF%97%E5%85%89%E6%95%B8%E4%BD%8D%E5%AD%B8%E9%99%A2-%E5%8F%B0%E5%8C%97%E6%97%97%E8%89%A6%E5%88%86%E6%A0%A1/@25.0460999,121.5126014,17z/data=!3m1!4b1!4m6!3m5!1s0x3442a90ce748fe6b:0x1bca11e21593f13c!8m2!3d25.0460999!4d121.5126014!16s%2Fg%2F1tr8j7z5?authuser=0&hl=en","志光數位學院台北旗艦店-公職,高中升大學補習班",志光數位學院-台北旗艦分校
北,"https://www.google.com/maps/place/Public+Wang+-+Chongqing+South+Road+in+Taipei/@25.046198,121.51342,17z/data=!3m1!4b1!4m6!3m5!1s0x3442a90cd8243607:0xc6de0651b97b4f28!8m2!3d25.046198!4d121.51342!16s%2Fg%2F11b6wp6wjy?authuser=0&hl=en",台北旗艦店公職王重慶南門市(超級/金榜/函授/國考用書/公職/高普考/司法特考/調查局/警察警專/國營事業/郵局銀行),公職王重慶南門市
北,"https://www.google.com/maps/place/%E5%8F%B0%E5%8C%97%E5%BF%97%E5%85%89%E8%A3%9C%E7%BF%92%E7%8F%AD/@25.0453942,121.5154618,17z/data=!3m1!4b1!4m6!3m5!1s0x3442a973223936af:0xfd82ee95230b706a!8m2!3d25.0453942!4d121.5154618!16s%2Fg%2F12m9k45tb?authuser=0&hl=en",台北志光補習班,台北志光補習班
北,"https://www.google.com/maps/place/%E5%BF%97%E5%85%89%E5%85%AC%E8%81%B7%E8%AC%9B%E7%BE%A9%E9%83%A8/@25.0453942,121.5154618,17z/data=!3m1!4b1!4m6!3m5!1s0x3442a9732245de97:0x2b7bd3a6ee998790!8m2!3d25.0453942!4d121.5154618!16s%2Fg%2F11c60krdly?authuser=0&hl=en",志光公職講義部,志光公職講義部
北,"https://www.google.com/maps/place/%E5%BF%97%E5%85%89%E5%85%AC%E8%81%B7%E8%A3%9C%E8%AA%B2%E6%95%99%E5%AE%A4/@25.0453943,121.5154618,17z/data=!3m1!4b1!4m6!3m5!1s0x3442a936ed29e2f3:0x21d976a37d93e6f4!8m2!3d25.0453943!4d121.5154618!16s%2Fg%2F11g22_x43r?authuser=0&hl=en",志光公職補課教室,志光公職補課教室
北,"https://www.google.com/maps/place/%E9%87%91%E6%A6%9C%E5%87%BD%E6%8E%88/@25.0460999,121.5126014,17z/data=!3m1!4b1!4m6!3m5!1s0x3442a90ce748fe73:0x1ca044f1e61f0a77!8m2!3d25.0460999!4d121.5126014!16s%2Fg%2F11g_00r_7?authuser=0&hl=en",金榜函授,金榜函授
北,"https://www.google.com/maps/place/%E5%BF%97%E5%85%89%E6%95%B8%E4%BD%8D%E5%AD%B8%E9%99%A2-%E4%B8%89%E9%87%8D%E5%88%86%E6%A0%A1/@25.0676589,121.4961048,17z/data=!3m1!4b1!4m6!3m5!1s0x3442a921427796c3:0xace40a173433d32d!8m2!3d25.0676589!4d121.4961048!16s%2Fg%2F1tdg0xnz?authuser=0&hl=en",志光數位學院-三重分校-國考/公職/升大學/升高中補習班,志光數位學院-三重分校
北,"https://www.google.com/maps/place/%E5%BF%97%E5%85%89%E6%95%B8%E4%BD%8D%E5%AD%B8%E9%99%A2-%E4%B8%89%E9%87%8D%E5%88%86%E6%A0%A1/@25.0676589,121.4961048,17z/data=!3m1!4b1!4m6!3m5!1s0x3442a921427796c3:0xace40a173433d32d!8m2!3d25.0676589!4d121.4961048!16s%2Fg%2F1tdg0xnz?authuser=0&hl=en","志光數位學院-永和分校-公職,高中升大學補習班","志光數位學院-永和分校-公職,高中升大學補習班"
北,"https://www.google.com/maps/place/%E5%BF%97%E5%85%89%E6%95%B8%E4%BD%8D%E5%AD%B8%E9%99%A2-%E4%B8%AD%E5%92%8C%E5%88%86%E6%A0%A1-%E5%85%AC%E8%81%B7%E3%80%81%E9%AB%98%E4%B8%AD%E5%8D%87%E5%A4%A7%E5%AD%B8%E8%A3%9C%E7%BF%92%E7%8F%AD/@24.9931508,121.5056246,17z/data=!3m1!4b1!4m6!3m5!1s0x346802748229528d:0x9fcdf3d786117d80!8m2!3d24.9931508!4d121.5056246!16s%2Fg%2F1v8hz4tg?authuser=0&hl=en",志光數位學院-中和分校-公職、高中升大學補習班,志光數位學院-中和分校-公職、高中升大學補習班
北,"https://www.google.com/maps/place/%E5%BF%97%E5%85%89%E6%95%B8%E4%BD%8D%E5%AD%B8%E9%99%A2-%E6%9D%BF%E6%A9%8B%E5%88%86%E6%A0%A1/@25.0079636,121.4601392,17z/data=!3m1!4b1!4m6!3m5!1s0x346802a77918b54b:0x7adf58ee1131d82e!8m2!3d25.0079636!4d121.4601392!16s%2Fg%2F1tfg9zpt?authuser=0&hl=en","志光數位學院-板橋分校-公職,高中升大學補習班",志光數位學院-板橋分校
北,"https://www.google.com/maps/place/%E5%BF%97%E5%85%89%E6%95%B8%E4%BD%8D%E5%AD%B8%E9%99%A2-%E6%96%B0%E5%BA%97%E5%88%86%E6%A0%A1/@24.9779007,121.5424126,17z/data=!3m1!4b1!4m6!3m5!1s0x346801f7540dccd1:0xea2faddc46af6c8!8m2!3d24.9779007!4d121.5424126!16s%2Fg%2F1tgntz6t?authuser=0&hl=en","志光數位學院-新店分校-公職,高中升大學補習班",志光數位學院-新店分校
北,"https://www.google.com/maps/place/%E5%BF%97%E5%85%89%E6%95%B8%E4%BD%8D%E5%AD%B8%E9%99%A2-%E6%9D%BE%E5%B1%B1%E5%88%86%E6%A0%A1-%E5%9C%8B%E8%80%83%2F%E5%B0%B1%E6%A5%AD%2F%E8%AD%89%E7%85%A7%2F%E5%8D%87%E5%A4%A7+%E8%A3%9C%E7%BF%92%E7%8F%AD/@25.0498781,121.5764449,17z/data=!3m1!4b1!4m6!3m5!1s0x3442ab99591a90eb:0xa500d626c1e7bad4!8m2!3d25.0498781!4d121.5764449!16s%2Fg%2F1tjdcww_?authuser=0&hl=en",志光數位學院-松山分校-國考/公職/升大學/升高中補習班,志光數位學院-松山分校-國考/就業/證照/升大 補習班
北,"https://www.google.com/maps/place/%E5%BF%97%E5%85%89%E6%95%B8%E4%BD%8D%E5%AD%B8%E9%99%A2-%E6%94%BF%E5%A4%A7%E5%88%86%E6%A0%A1-%E5%9C%8B%E8%80%83%2F%E5%B0%B1%E6%A5%AD%2F%E8%AD%89%E7%85%A7%2F%E5%8D%87%E5%A4%A7+%E8%A3%9C%E7%BF%92/@24.9876915,121.5750116,17z/data=!3m1!4b1!4m6!3m5!1s0x3442aa7bc42dbf31:0xdecf4e6bc3b8ca7b!8m2!3d24.9876915!4d121.5750116!16s%2Fg%2F11c6lbz4bb?authuser=0&hl=en",志光數位學院-政大分校-國考/公職/升大學/升高中補習,志光數位學院-政大分校-國考/就業/證照/升大 補習
北,"https://www.google.com/maps/place/%E5%BF%97%E5%85%89%E6%95%B8%E4%BD%8D%E5%AD%B8%E9%99%A2-%E5%85%A7%E6%B9%96%E5%88%86%E6%A0%A1/@25.0826461,121.5926063,17z/data=!3m1!4b1!4m6!3m5!1s0x3442ac8c3fe6dbe3:0x377b8c49da092e3a!8m2!3d25.0826461!4d121.5926063!16s%2Fg%2F1tczh576?authuser=0&hl=en",志光數位學院-內湖分校-公職、高中升大學補習班,志光數位學院-內湖分校
北,"https://www.google.com/maps/place/%E5%BF%97%E5%85%89%E6%95%B8%E4%BD%8D%E5%AD%B8%E9%99%A2-%E6%A8%B9%E6%9E%97%E5%88%86%E6%A0%A1/@24.9952885,121.4274571,17z/data=!3m1!4b1!4m6!3m5!1s0x34681d4bbcbc8d45:0xeaac2084111d64!8m2!3d24.9952885!4d121.4274571!16s%2Fg%2F11gy29dk07?authuser=0&hl=en",志光數位學院-樹林分校-國考/公職/升大學/升高中補習,志光數位學院-樹林分校
北,"https://www.google.com/maps/place/%E5%BF%97%E5%85%89%E6%95%B8%E4%BD%8D%E5%AD%B8%E9%99%A2-%E6%9E%97%E5%8F%A3%E5%88%86%E6%A0%A1-%E5%85%AC%E8%81%B7,%E9%AB%98%E4%B8%AD%E5%8D%87%E5%A4%A7%E5%AD%B8%E8%A3%9C%E7%BF%92%E7%8F%AD/@25.0579775,121.3644204,17z/data=!3m1!4b1!4m6!3m5!1s0x3442a7310147dfcd:0x5a0ddb2ddbb9bc4d!8m2!3d25.0579775!4d121.3644204!16s%2Fg%2F11_td5b59?authuser=0&hl=en","志光數位學院-林口分校-公職,高中升大學補習班","志光數位學院-林口分校-公職,高中升大學補習班"
北,"https://www.google.com/maps/place/%E5%BF%97%E5%85%89%E6%95%B8%E4%BD%8D%E5%AD%B8%E9%99%A2+%E5%A3%AB%E6%9E%97%E5%88%86%E6%A0%A1/@25.0879239,121.5224159,17z/data=!3m1!4b1!4m6!3m5!1s0x3442aea4df34db71:0x489227d2e6a97355!8m2!3d25.0879239!4d121.5224159!16s%2Fg%2F1tgnty1m?authuser=0&hl=en","志光數位學院-士林分校-公職,高中升大學補習班",志光數位學院 士林分校
北,"https://www.google.com/maps/place/%E5%BF%97%E5%85%89%E6%95%B8%E4%BD%8D%E5%AD%B8%E9%99%A2-%E6%B7%A1%E6%B0%B4%E5%88%86%E6%A0%A1-%E5%9C%8B%E8%80%83%2F%E5%B0%B1%E6%A5%AD%2F%E8%AD%89%E7%85%A7%2F%E5%8D%87%E5%A4%A7+%E8%A3%9C%E7%BF%92%E7%8F%AD/@25.1709692,121.4414482,17z/data=!3m1!4b1!4m6!3m5!1s0x3442aff6334ad417:0x4e8b05c68ffda46c!8m2!3d25.1709692!4d121.4414482!16s%2Fg%2F1tcwcpfk?authuser=0&hl=en",志光數位學院-淡水分校-國考/公職/升大學/升高中補習班,志光數位學院-淡水分校-國考/就業/證照/升大 補習班
北,"https://www.google.com/maps/place/%E5%BF%97%E5%85%89%E6%95%B8%E4%BD%8D%E5%AD%B8%E9%99%A2+%E7%BE%85%E6%9D%B1%E5%88%86%E6%A0%A1/@24.6788734,121.7727197,17z/data=!3m1!4b1!4m6!3m5!1s0x3467e6788d708fb7:0x269d912178ba85c8!8m2!3d24.6788734!4d121.7727197!16s%2Fg%2F1pztklww4?authuser=0&hl=en",志光數位學院-羅東分校-國考/公職/升大學/升高中補習班,志光數位學院 羅東分校
北,"https://www.google.com/maps/place/%E5%BF%97%E5%85%89%E6%95%B8%E4%BD%8D%E5%AD%B8%E9%99%A2-%E5%AE%9C%E8%98%AD%E5%88%86%E6%A0%A1-%E5%9C%8B%E8%80%83%2F%E5%B0%B1%E6%A5%AD%2F%E8%AD%89%E7%85%A7%2F%E5%8D%87%E5%A4%A7+%E8%A3%9C%E7%BF%92%E7%8F%AD/@24.760786,121.7536789,17z/data=!3m1!4b1!4m6!3m5!1s0x3467e4cfd8d487c5:0x28a43d765f6e4c33!8m2!3d24.760786!4d121.7536789!16s%2Fg%2F1tm8bqxg?authuser=0&hl=en",志光數位學院-宜蘭分校,志光數位學院-宜蘭分校-國考/就業/證照/升大 補習班
"北
","https://www.google.com/maps/place/%E5%BF%97%E5%85%89%E6%95%B8%E4%BD%8D%E5%AD%B8%E9%99%A2+%E6%96%B0%E7%AB%B9%E5%88%86%E6%A0%A1/@24.803625,120.971903,17z/data=!3m1!4b1!4m6!3m5!1s0x346835c23fe65aa7:0xbf832dc046747085!8m2!3d24.803625!4d120.971903!16s%2Fg%2F12m985m4_?authuser=0&hl=en","志光數位學院-新竹分校-公職,高中升大學補習班",志光數位學院 新竹分校
北,"https://www.google.com/maps/place/%E5%BF%97%E5%85%89%E6%95%B8%E4%BD%8D%E5%AD%B8%E9%99%A2+%E7%AB%B9%E5%8C%97%E5%88%86%E6%A0%A1/@24.8299418,121.0047849,17z/data=!3m1!4b1!4m6!3m5!1s0x346836ed8dd6bacd:0xe972d29817fd320!8m2!3d24.8299418!4d121.0047849!16s%2Fg%2F1tdnz60n?authuser=0&hl=en","志光數位學院-竹北分校-公職,高中升大學補習班",志光數位學院 竹北分校
中,"https://www.google.com/maps/place/Taichung+Zhiguang+public+cram/@24.1362314,120.682526,17z/data=!3m1!4b1!4m6!3m5!1s0x34693d13fd335a97:0x97d1504bd6faf28b!8m2!3d24.1362314!4d120.682526!16s%2Fg%2F11b6z63369?authuser=0&hl=en",台中志光公職補習班/高普考/司法/警察/消防/國營/台電/郵局/教甄/警專/轉學考,台中志光公職補習班/高普考/司法特考/調查局/警察/消防/國營/台電/郵局/教甄/警專/轉學考
北,"https://www.google.com/maps/place/%E5%BF%97%E5%85%89%E6%95%B8%E4%BD%8D%E5%AD%B8%E9%99%A2-%E9%BE%8D%E6%BD%AD%E5%88%86%E6%A0%A1-%E5%85%AC%E8%81%B7,%E9%AB%98%E4%B8%AD%E5%8D%87%E5%A4%A7%E5%AD%B8%E8%A3%9C%E7%BF%92%E7%8F%AD/@24.8605766,121.2129997,17z/data=!3m1!4b1!4m6!3m5!1s0x34683cfc47a77ed3:0xe738c57e6702b075!8m2!3d24.8605766!4d121.2129997!16s%2Fg%2F11bbrlbr31?authuser=0&hl=en","志光數位學院-龍潭分校-公職,高中升大學補習班","志光數位學院-龍潭分校-公職,高中升大學補習班"
中,"https://www.google.com/maps/place/%E5%BF%97%E5%85%89%E6%95%B8%E4%BD%8D%E5%AD%B8%E9%99%A2-%E8%8B%97%E6%A0%97%E5%88%86%E6%A0%A1-%E5%85%AC%E8%81%B7%EF%BC%8C%E9%AB%98%E4%B8%AD%E5%8D%87%E5%A4%A7%E5%AD%B8%E8%A3%9C%E7%BF%92%E7%8F%AD/@24.5701656,120.8232388,17z/data=!3m1!4b1!4m6!3m5!1s0x3469ac126ff29e8d:0x9286f44ae682b71d!8m2!3d24.5701656!4d120.8232388!16s%2Fg%2F11bbrc7rx3?authuser=0&hl=en",志光數位學院-苗栗分校-公職，高中升大學補習班,志光數位學院-苗栗分校-公職，高中升大學補習班
中,"https://www.google.com/maps/place/%E5%BF%97%E5%85%89%E6%95%B8%E4%BD%8D%E5%AD%B8%E9%99%A2-%E8%8B%97%E6%A0%97%E5%88%86%E6%A0%A1-%E5%85%AC%E8%81%B7%EF%BC%8C%E9%AB%98%E4%B8%AD%E5%8D%87%E5%A4%A7%E5%AD%B8%E8%A3%9C%E7%BF%92%E7%8F%AD/@24.5701656,120.8232388,17z/data=!3m1!4b1!4m6!3m5!1s0x3469ac126ff29e8d:0x9286f44ae682b71d!8m2!3d24.5701656!4d120.8232388!16s%2Fg%2F11bbrc7rx3?authuser=0&hl=en",志光數位學院-大甲分校-國考/公職/升大學/升高中補習班,志光數位學院-大甲分校-公職/就業/證照/升大 補習班
中,"https://www.google.com/maps/place/%E5%BF%97%E5%85%89%E6%95%B8%E4%BD%8D%E5%AD%B8%E9%99%A2-%E8%B1%90%E5%8E%9F%E5%88%86%E6%A0%A1/@24.2516816,120.7171237,17z/data=!3m1!4b1!4m6!3m5!1s0x34691a0f6f68cb7b:0x711166d9c6082180!8m2!3d24.2516816!4d120.7171237!16s%2Fg%2F1tg7prp3?authuser=0&hl=en",志光數位學院-豐原分校,志光數位學院-豐原分校
中,"https://www.google.com/maps/place/%E5%BF%97%E5%85%89%E6%95%B8%E4%BD%8D%E5%AD%B8%E9%99%A2-%E7%AB%B9%E5%8D%97%E5%88%86%E6%A0%A1-%E5%85%AC%E8%81%B7,%E9%AB%98%E4%B8%AD%E5%8D%87%E5%A4%A7%E5%AD%B8%E8%A3%9C%E7%BF%92%E7%8F%AD/@24.6853261,120.8792517,17z/data=!3m1!4b1!4m6!3m5!1s0x3469b33b4f95b8d5:0xc0330b5cc9e356d1!8m2!3d24.6853261!4d120.8792517!16s%2Fg%2F11bbrff3tn?authuser=0&hl=en","志光數位學院-竹南分校-公職,高中升大學補習班","志光數位學院-竹南分校-公職,高中升大學補習班"
東,"https://www.google.com/maps/place/%E5%BF%97%E5%85%89%E6%95%B8%E4%BD%8D%E5%AD%B8%E9%99%A2-%E8%8A%B1%E8%93%AE%E5%88%86%E6%A0%A1-%E5%85%AC%E8%81%B7,%E9%AB%98%E4%B8%AD%E5%8D%87%E5%A4%A7%E5%AD%B8%E8%A3%9C%E7%BF%92%E7%8F%AD/@23.9904009,121.601999,17z/data=!3m1!4b1!4m6!3m5!1s0x34689fb702ba29af:0x202220495198d9c2!8m2!3d23.9904009!4d121.601999!16s%2Fg%2F1tkp2qm9?authuser=0&hl=en","志光數位學院-花蓮分校-公職,高中升大學補習班","志光數位學院-花蓮分校-公職,高中升大學補習班"
中,"https://www.google.com/maps/place/%E5%BF%97%E5%85%89%E6%95%B8%E4%BD%8D%E5%AD%B8%E9%99%A2-%E6%9D%B1%E5%8B%A2%E5%88%86%E6%A0%A1-%E5%85%AC%E8%81%B7,%E9%AB%98%E4%B8%AD%E5%8D%87%E5%A4%A7%E5%AD%B8%E8%A3%9C%E7%BF%92%E7%8F%AD/@24.257554,120.8290893,17z/data=!3m1!4b1!4m6!3m5!1s0x34691c5f9b13fb81:0x228583fcc17bbc39!8m2!3d24.257554!4d120.8290893!16s%2Fg%2F1q62hzpbm?authuser=0&hl=en","志光數位學院-東勢分校-公職,高中升大學補習班","志光數位學院-東勢分校-公職,高中升大學補習班"
中,"https://www.google.com/maps/place/%E5%BF%97%E5%85%89%E6%95%B8%E4%BD%8D%E5%AD%B8%E9%99%A2+%E5%8F%B0%E4%B8%AD%E6%97%97%E8%89%A6%E5%BA%97/@24.1364703,120.683033,17z/data=!3m1!4b1!4m6!3m5!1s0x34693d13f9ac52ad:0x254b00acbe0a4793!8m2!3d24.1364703!4d120.683033!16s%2Fg%2F1pztc0c7t?authuser=0&hl=en",志光數位學院 台中旗艦店,志光數位學院 台中旗艦店
中,"https://www.google.com/maps/place/%E5%BF%97%E5%85%89%E6%95%B8%E4%BD%8D%E5%AD%B8%E9%99%A2-%E9%9D%9C%E5%AE%9C%E5%88%86%E6%A0%A1-%E5%9C%8B%E8%80%83%2F%E5%85%AC%E8%81%B7%2F%E5%8D%87%E5%A4%A7%E5%AD%B8%2F%E5%8D%87%E9%AB%98%E4%B8%AD%E8%A3%9C%E7%BF%92%E7%8F%AD/@24.2428127,120.5645825,17z/data=!3m1!4b1!4m6!3m5!1s0x346914e24561d44f:0xa8c18ba9087f917d!8m2!3d24.2428127!4d120.5645825!16s%2Fg%2F1tg_tv1y?authuser=0&hl=en",志光數位學院-靜宜分校-國考/公職/升大學/升高中補習班,志光數位學院-靜宜分校-國考/公職/升大學/升高中補習班
中,"https://www.google.com/maps/place/%E5%BF%97%E5%85%89%E6%95%B8%E4%BD%8D%E5%AD%B8%E9%99%A2-%E5%A4%A7%E9%9B%85%E5%88%86%E6%A0%A1-%E5%85%AC%E8%81%B7,%E9%AB%98%E4%B8%AD%E5%8D%87%E5%A4%A7%E5%AD%B8%E8%A3%9C%E7%BF%92%E7%8F%AD/@24.2213382,120.6494733,17z/data=!3m1!4b1!4m6!3m5!1s0x346916f19087a4f1:0xbf726c8066065561!8m2!3d24.2213382!4d120.6494733!16s%2Fg%2F11bbrh00g0?authuser=0&hl=en","志光數位學院-大雅分校-公職,高中升大學補習班","志光數位學院-大雅分校-公職,高中升大學補習班"
中,"https://www.google.com/maps/place/%E5%BF%97%E5%85%89%E6%95%B8%E4%BD%8D%E5%AD%B8%E9%99%A2-%E5%8C%97%E5%B1%AF%E5%88%86%E6%A0%A1-%E5%85%AC%E8%81%B7%2F%E5%B0%B1%E6%A5%AD%2F%E8%AD%89%E7%85%A7%2F%E5%8D%87%E5%A4%A7+%E8%A3%9C%E7%BF%92/@24.1833598,120.6946598,17z/data=!3m1!4b1!4m6!3m5!1s0x3469177b31e4957f:0xe059572ca959cfbb!8m2!3d24.1833598!4d120.6946598!16s%2Fg%2F11fj_x_f94?authuser=0&hl=en",志光數位學院-北屯分校,志光數位學院-北屯分校-公職/就業/證照/升大 補習
中,"https://www.google.com/maps/place/%E5%BF%97%E5%85%89%E6%95%B8%E4%BD%8D%E5%AD%B8%E9%99%A2-%E5%93%A1%E6%9E%97%E5%88%86%E6%A0%A1-%E5%9C%8B%E8%80%83%2F%E5%85%AC%E8%81%B7%2F%E5%8D%87%E5%A4%A7%E5%AD%B8%2F%E5%8D%87%E9%AB%98%E4%B8%AD%E8%A3%9C%E7%BF%92%E7%8F%AD/@23.9621019,120.5700885,17z/data=!3m1!4b1!4m6!3m5!1s0x34693659c45fd9b1:0xf334b28a9b6304e4!8m2!3d23.9621019!4d120.5700885!16s%2Fg%2F1hc22wsps?authuser=0&hl=en",志光數位學院-員林分校-國考/公職/升大學/升高中補習班,志光數位學院-員林分校-國考/公職/升大學/升高中補習班
中,"https://www.google.com/maps/place/%E5%BF%97%E5%85%89%E6%95%B8%E4%BD%8D%E5%AD%B8%E9%99%A2-%E5%8D%97%E6%8A%95%E5%88%86%E6%A0%A1-+%E5%85%AC%E8%81%B7,%E9%AB%98%E4%B8%AD%E5%8D%87%E5%A4%A7%E5%AD%B8%E8%A3%9C%E7%BF%92%E7%8F%AD/@23.9038548,120.6888292,17z/data=!3m1!4b1!4m6!3m5!1s0x346932201c3c6a63:0x8e34516f5f49c74f!8m2!3d23.9038548!4d120.6888292!16s%2Fg%2F1tgdl961?authuser=0&hl=en","志光數位學院-南投分校- 公職,高中升大學補習班","志光數位學院-南投分校- 公職,高中升大學補習班"
中,"https://www.google.com/maps/place/%E5%BF%97%E5%85%89%E6%95%B8%E4%BD%8D%E5%AD%B8%E9%99%A2-%E9%B9%BF%E6%B8%AF%E5%88%86%E6%A0%A1-%E5%85%AC%E8%81%B7%2F%E5%B0%B1%E6%A5%AD%2F%E8%AD%89%E7%85%A7%2F%E5%8D%87%E5%A4%A7+%E8%A3%9C%E7%BF%92/@24.0530287,120.435892,17z/data=!3m1!4b1!4m6!3m5!1s0x3469474ba19e686f:0xef3170a940f29cd4!8m2!3d24.0530287!4d120.435892!16s%2Fg%2F11g0g5w2_8?authuser=0&hl=en",志光數位學院-鹿港分校-國考/公職/升大學/升高中補習,志光數位學院-鹿港分校-公職/就業/證照/升大 補習
中,"https://www.google.com/maps/place/%E5%BF%97%E5%85%89%E6%95%B8%E4%BD%8D%E5%AD%B8%E9%99%A2/@23.95747,120.477371,17z/data=!3m1!4b1!4m6!3m5!1s0x3469497943dfbab3:0x80bbde04f904edfd!8m2!3d23.95747!4d120.477371!16s%2Fg%2F1tdvgxs_?authuser=0&hl=en",志光數位學院-溪湖分校-公職，高中升大補習班,志光數位學院
南,"https://www.google.com/maps/place/%E5%BF%97%E5%85%89%E6%95%B8%E4%BD%8D%E5%AD%B8%E9%99%A2-%E6%B0%91%E9%9B%84%E5%88%86%E6%A0%A1-%E5%85%AC%E8%81%B7,%E9%AB%98%E4%B8%AD%E5%8D%87%E5%A4%A7%E5%AD%B8%E8%A3%9C%E7%BF%92%E7%8F%AD/@23.5570305,120.4338206,17z/data=!3m1!4b1!4m6!3m5!1s0x346ebdfd3d909f53:0x95c5dd50b5f2ba33!8m2!3d23.5570305!4d120.4338206!16s%2Fg%2F1td7l15z?authuser=0&hl=en","志光數位學院-民雄分校-公職,高中升大學補習班","志光數位學院-民雄分校-公職,高中升大學補習班"
南,"https://www.google.com/maps/place/%E5%98%89%E7%BE%A9%E5%BF%97%E5%85%89%E5%85%AC%E8%81%B7%E8%A3%9C%E7%BF%92%E7%8F%AD-%E9%AB%98%E6%99%AE%E8%80%83%2F%E5%88%9D%E7%AD%89%2F%E5%8F%B8%E6%B3%95%2F%E4%B8%80%E8%88%AC%E8%AD%A6%E5%AF%9F%2F%E8%A1%8C%E6%94%BF%E8%AD%A6%E5%AF%9F%2F%E6%B6%88%E9%98%B2%E8%AD%A6%E5%AF%9F%2F%E5%9C%8B%E7%87%9F%2F%E9%90%B5%E8%B7%AF%2F%E9%83%B5%E5%B1%80%2F%E6%95%99%E7%94%84%2F%E8%AD%A6%E5%B0%88%2F%E5%8F%B0%E9%9B%BB%2F%E7%A7%BB%E6%B0%91%2F%E9%97%9C%E5%8B%99%2F%E6%B5%B7%E5%B7%A1%2F%E5%BE%8B%E5%B8%AB%2F%E8%BD%89%E5%AD%B8%E8%80%83/@23.4792917,120.4438834,17z/data=!3m1!4b1!4m6!3m5!1s0x346e942619b3e515:0x68d00a1042be73c!8m2!3d23.4792917!4d120.4438834!16s%2Fg%2F12m9f_f1r?authuser=0&hl=en",嘉義志光公職補習班-高普考/初等/司法/警察/消防/國營/鐵路/郵局/教甄/警專/台電/移民/海巡/律師/轉學考,嘉義志光公職補習班-高普考/初等/司法/一般警察/消防/國營/鐵路/郵局/教甄/警專/台電/移民/海巡/律師/轉學考
中,"https://www.google.com/maps/place/%E5%BF%97%E5%85%89%E6%95%B8%E4%BD%8D%E5%AD%B8%E9%99%A2-%E6%96%97%E5%85%AD%E5%88%86%E6%A0%A1-%E5%85%AC%E8%81%B7%E3%80%81%E9%AB%98%E4%B8%AD%E5%8D%87%E5%A4%A7%E5%AD%B8%E8%A3%9C%E7%BF%92%E7%8F%AD/@23.7118473,120.5424852,17z/data=!3m1!4b1!4m6!3m5!1s0x346ec824a5f62285:0x994100854a64adac!8m2!3d23.7118473!4d120.5424852!16s%2Fg%2F1tyks3k3?authuser=0&hl=en",志光數位學院-斗六分校-公職、高中升大學補習班,志光數位學院-斗六分校-公職、高中升大學補習班
南,"https://www.google.com/maps/place/%E5%BF%97%E5%85%89%E6%95%B8%E4%BD%8D%E5%AD%B8%E9%99%A2-%E4%B8%AD%E6%AD%A3%E5%88%86%E6%A0%A1-%E5%9C%8B%E8%80%83%2F%E5%B0%B1%E6%A5%AD%2F%E8%AD%89%E7%85%A7%2F%E5%8D%87%E5%A4%A7+%E8%A3%9C%E7%BF%92%E7%8F%AD/@23.5568279,120.4714548,17z/data=!3m1!4b1!4m6!3m5!1s0x346ebffa5be39035:0x3872e2eacbb2e629!8m2!3d23.5568279!4d120.4714548!16s%2Fg%2F11ff05wxnj?authuser=0&hl=en",志光數位學院-中正分校-國考/公職/升大學/升高中補習班,志光數位學院-中正分校-國考/就業/證照/升大 補習班
中,"https://www.google.com/maps/place/%E5%BF%97%E5%85%89%E6%95%B8%E4%BD%8D%E5%AD%B8%E9%99%A2-%E8%99%8E%E5%B0%BE%E5%88%86%E6%A0%A1-%E5%85%AC%E8%81%B7,%E9%AB%98%E4%B8%AD%E5%8D%87%E5%A4%A7%E5%AD%B8%E8%A3%9C%E7%BF%92%E7%8F%AD/@23.7095272,120.4340614,17z/data=!3m1!4b1!4m6!3m5!1s0x346eb0ac973965e7:0xd031fbcfd69ceaff!8m2!3d23.7095272!4d120.4340614!16s%2Fg%2F1td7qyns?authuser=0&hl=en","志光數位學院-虎尾分校-公職,高中升大學補習班","志光數位學院-虎尾分校-公職,高中升大學補習班"
南,"https://www.google.com/maps/place/%E5%BF%97%E5%85%89%E6%95%B8%E4%BD%8D%E5%AD%B8%E9%99%A2-%E4%B8%AD%E6%AD%A3%E5%88%86%E6%A0%A1-%E5%9C%8B%E8%80%83%2F%E5%B0%B1%E6%A5%AD%2F%E8%AD%89%E7%85%A7%2F%E5%8D%87%E5%A4%A7+%E8%A3%9C%E7%BF%92%E7%8F%AD/@23.5568279,120.4714548,17z/data=!3m1!4b1!4m6!3m5!1s0x346ebffa5be39035:0x3872e2eacbb2e629!8m2!3d23.5568279!4d120.4714548!16s%2Fg%2F11ff05wxnj?authuser=0&hl=en","志光數位學院-太保分校-公職,高中升大學補習班",志光數位學院-太保分校
南,"https://www.google.com/maps/place/%E5%BF%97%E5%85%89%E6%95%B8%E4%BD%8D%E5%AD%B8%E9%99%A2-%E6%96%B0%E7%87%9F%E5%88%86%E6%A0%A1/@23.3073743,120.3168849,17z/data=!3m1!4b1!4m6!3m5!1s0x346e85e70eaaee2b:0x61da9a1f3844ae2c!8m2!3d23.3073743!4d120.3168849!16s%2Fg%2F1tdls0c7?authuser=0&hl=en","志光數位學院-新營分校-公職,高中升大學補習班",志光數位學院-新營分校
中,"https://www.google.com/maps/place/%E5%BF%97%E5%85%89%E6%95%B8%E4%BD%8D%E5%AD%B8%E9%99%A2-%E8%8D%89%E5%B1%AF%E5%88%86%E6%A0%A1-%E5%85%AC%E8%81%B7,%E9%AB%98%E4%B8%AD%E5%8D%87%E5%A4%A7%E5%AD%B8%E8%A3%9C%E7%BF%92%E7%8F%AD/@23.9803181,120.6843457,17z/data=!3m1!4b1!4m6!3m5!1s0x3469306df6ab85ed:0x47c79df8acb8ae77!8m2!3d23.9803181!4d120.6843457!16s%2Fg%2F1wk6xhvk?authuser=0&hl=en","志光數位學院-草屯分校-公職,高中升大學補習班","志光數位學院-草屯分校-公職,高中升大學補習班"
南,"https://www.google.com/maps/place/%E5%BF%97%E5%85%89%E6%95%B8%E4%BD%8D%E5%AD%B8%E9%99%A2-%E9%AB%98%E9%9B%84%E6%97%97%E8%89%A6%E5%BA%97-%E5%85%AC%E8%81%B7,%E9%AB%98%E4%B8%AD%E5%8D%87%E5%A4%A7%E5%AD%B8%E8%A3%9C%E7%BF%92%E7%8F%AD/@22.6359651,120.3011315,17z/data=!3m1!4b1!4m6!3m5!1s0x346e048b165727cf:0x6d97d63bd8971f83!8m2!3d22.6359651!4d120.3011315!16s%2Fg%2F1w4vgnsn?authuser=0&hl=en","志光數位學院-高雄旗艦店-公職,高中升大學補習班","志光數位學院-高雄旗艦店-公職,高中升大學補習班"
南,"https://www.google.com/maps/place/Taiwan+Nan+Zhiguang+public+cram/@22.9965293,120.2109175,17z/data=!3m1!4b1!4m6!3m5!1s0x346e768c7872a621:0xac9706d245f46cd4!8m2!3d22.9965293!4d120.2109175!16s%2Fg%2F12m9gf7g7?authuser=0&hl=en",台南志光公職補習班/高普考/地方特考/初等考/司法/警察/消防/國營事業/台電/郵局/警專/移民署/鐵路/海關/轉學考,台南志光公職補習班 專精專辦：高普考/地方特考/初等考/司法/警察/國營事業/台電/郵局/警專/移民署/鐵路
南,"https://www.google.com/maps/place/Kaohsiung+Zhiguang+public+CLASS/@22.637528,120.299142,17z/data=!3m1!4b1!4m6!3m5!1s0x346e04605acaf385:0x953f4b40a0d55298!8m2!3d22.637528!4d120.299142!16s%2Fg%2F11bycrsg_7?authuser=0&hl=en",高雄志光公職旗艦面授.視訊.函授補習班-高普初考/司法警察/國營事業/各類特考/各類證照,志光公職(高雄志光)面授.視訊.函授旗艦補習班-高普初考/司法警察/國營事業/各類特考/各類證照
南,"https://www.google.com/maps/place/%E5%BF%97%E5%85%89%E6%95%B8%E4%BD%8D%E5%AD%B8%E9%99%A2-%E4%BA%94%E7%94%B2%E5%88%86%E6%A0%A1-%E5%85%AC%E8%81%B7.%E9%AB%98%E4%B8%AD.%E5%8D%87%E5%A4%A7%E5%AD%B8%E8%A3%9C%E7%BF%92%E7%8F%AD/@22.5917582,120.3269672,17z/data=!3m1!4b1!4m6!3m5!1s0x346e034728ad0573:0x6e01de0bb192fc43!8m2!3d22.5917582!4d120.3269672!16s%2Fg%2F1tz6_44w?authuser=0&hl=en",志光數位學院-五甲分校-公職.高中.升大學補習班,志光數位學院-五甲分校-公職.高中.升大學補習班
南,"https://www.google.com/maps/place/%E5%BF%97%E5%85%89%E6%95%B8%E4%BD%8D%E5%AD%B8%E9%99%A2-%E9%B3%B3%E5%B1%B1%E5%88%86%E6%A0%A1-+%E5%85%AC%E8%81%B7,%E9%AB%98%E4%B8%AD%E5%8D%87%E5%A4%A7%E5%AD%B8%E8%A3%9C%E7%BF%92%E7%8F%AD/@22.6261351,120.3562921,17z/data=!3m1!4b1!4m6!3m5!1s0x346e1b380a54360f:0x400bfaa11a1ee7c6!8m2!3d22.6261351!4d120.3562921!16s%2Fg%2F1tfrztpb?authuser=0&hl=en","志光數位學院-鳳山分校- 公職,高中升大學補習班","志光數位學院-鳳山分校- 公職,高中升大學補習班"
南,"https://www.google.com/maps/place/%E5%BF%97%E5%85%89%E6%95%B8%E4%BD%8D%E5%AD%B8%E9%99%A2-%E6%A5%A0%E6%A2%93%E5%88%86%E6%A0%A1-+%E5%85%AC%E8%81%B7,%E9%AB%98%E4%B8%AD%E5%8D%87%E5%A4%A7%E5%AD%B8%E8%A3%9C%E7%BF%92%E7%8F%AD/@22.7286714,120.330646,17z/data=!3m1!4b1!4m6!3m5!1s0x346e0fc5da885955:0x9219350f647779e6!8m2!3d22.7286714!4d120.330646!16s%2Fg%2F1tj50b97?authuser=0&hl=en","志光數位學院-楠梓分校- 公職,高中升大學補習班","志光數位學院-楠梓分校- 公職,高中升大學補習班"
南,"https://www.google.com/maps/place/%E5%BF%97%E5%85%89%E6%95%B8%E4%BD%8D%E5%AD%B8%E9%99%A2-%E5%B2%A1%E5%B1%B1%E5%88%86%E6%A0%A1-%E5%85%AC%E8%81%B7,%E9%AB%98%E4%B8%AD%E5%8D%87%E5%A4%A7%E5%AD%B8%E8%A3%9C%E7%BF%92%E7%8F%AD/@22.7935746,120.2984797,17z/data=!3m1!4b1!4m6!3m5!1s0x346e0c2b54123d27:0xfd534f64dc326359!8m2!3d22.7935746!4d120.2984797!16s%2Fg%2F1vqtdjyl?authuser=0&hl=en","志光數位學院-岡山分校-公職,高中升大學補習班","志光數位學院-岡山分校-公職,高中升大學補習班"
南,"https://www.google.com/maps/place/%E5%BF%97%E5%85%89%E6%95%B8%E4%BD%8D%E5%AD%B8%E9%99%A2-%E6%B0%B8%E5%BA%B7%E5%88%86%E6%A0%A1-%E5%85%AC%E8%81%B7,%E9%AB%98%E4%B8%AD%E5%8D%87%E5%A4%A7%E5%AD%B8%E8%A3%9C%E7%BF%92%E7%8F%AD/@23.0416489,120.2381001,17z/data=!3m1!4b1!4m6!3m5!1s0x346e774c91552bbb:0xe48f5ffc232d7006!8m2!3d23.0416489!4d120.2381001!16s%2Fg%2F1tj5ngtn?authuser=0&hl=en",志光數位學院-永康分校-國考/公職/升大學/升高中補習班,"志光數位學院-永康分校-公職,高中升大學補習班"
南,"https://www.google.com/maps/place/%E5%BF%97%E5%85%89%E6%95%B8%E4%BD%8D%E5%AD%B8%E9%99%A2-%E6%9D%B1%E6%B8%AF%E5%88%86%E6%A0%A1/@22.4721472,120.4557626,17z/data=!3m1!4b1!4m6!3m5!1s0x3471e1942d888321:0x7f1ffb53f2fa3a82!8m2!3d22.4721472!4d120.4557626!16s%2Fg%2F11_r3rj8l?authuser=0&hl=en","志光數位學院-東港分校-公職,高中升大學補習班",志光數位學院-東港分校
南,"https://www.google.com/maps/place/%E5%BF%97%E5%85%89%E6%95%B8%E4%BD%8D%E5%AD%B8%E9%99%A2-%E5%B4%91%E5%B1%B1%E5%88%86%E6%A0%A1-%E5%85%AC%E8%81%B7,%E9%AB%98%E4%B8%AD%E5%8D%87%E5%A4%A7%E5%AD%B8%E8%A3%9C%E7%BF%92%E7%8F%AD/@23.0002703,120.2588222,17z/data=!3m1!4b1!4m6!3m5!1s0x346e76cd29a6de01:0x3e4d89292cd3991a!8m2!3d23.0002703!4d120.2588222!16s%2Fg%2F1q62dfzvy?authuser=0&hl=en","志光數位學院-崑山分校-公職,高中升大學補習班","志光數位學院-崑山分校-公職,高中升大學補習班"
南,"https://www.google.com/maps/place/%E5%BF%97%E5%85%89%E6%95%B8%E4%BD%8D%E5%AD%B8%E9%99%A2-%E5%8F%B0%E5%8D%97%E6%97%97%E8%89%A6%E5%BA%97-%E5%85%AC%E8%81%B7,%E9%AB%98%E4%B8%AD%E5%8D%87%E5%A4%A7%E5%AD%B8%E8%A3%9C%E7%BF%92%E7%8F%AD/@22.9975953,120.2091605,17z/data=!3m1!4b1!4m6!3m5!1s0x346e768b0a6887e5:0xf93fa9e8fa32631c!8m2!3d22.9975953!4d120.2091605!16s%2Fg%2F1tdx6g67?authuser=0&hl=en","志光數位學院-台南旗艦店-公職,高中升大學補習班","志光數位學院-台南旗艦店-公職,高中升大學補習班"
南,"https://www.google.com/maps/place/%E5%BF%97%E5%85%89%E6%95%B8%E4%BD%8D%E5%AD%B8%E9%99%A2-%E5%B7%A6%E7%87%9F%E5%88%86%E6%A0%A1-%E5%85%AC%E8%81%B7,%E9%AB%98%E4%B8%AD%E5%8D%87%E5%A4%A7%E5%AD%B8%E8%A3%9C%E7%BF%92%E7%8F%AD/@22.674158,120.3123305,17z/data=!3m1!4b1!4m6!3m5!1s0x346e0513b176e31d:0xaf2b1b2772e38dbd!8m2!3d22.674158!4d120.3123305!16s%2Fg%2F1hc94dl4w?authuser=0&hl=en","志光數位學院-左營分校-公職,高中升大學補習班","志光數位學院-左營分校-公職,高中升大學補習班"
南,"https://www.google.com/maps/place/%E5%8F%B0%E5%8D%97%E5%BF%97%E5%85%89%E5%85%AC%E8%81%B7%E8%A3%9C%E7%BF%92%E7%8F%AD-%E9%89%85%E6%98%9F%E6%95%99%E5%AE%A4(%E8%A9%A2%E5%95%8F%E8%AA%B2%E7%A8%8B%E8%AB%8B%E8%87%B3%E4%B8%AD%E5%B1%B1%E8%B7%AF195%E8%99%9F)/@22.995029,120.208375,17z/data=!3m1!4b1!4m6!3m5!1s0x346e76897d67f08d:0x434b2a8ef447c79b!8m2!3d22.995029!4d120.208375!16s%2Fg%2F11b6zsl4cx?authuser=0&hl=en",台南志光公職補習班(鉅星教室),台南志光公職補習班-鉅星教室(詢問課程請至中山路195號)
東,"https://www.google.com/maps/place/%E5%BF%97%E5%85%89%E6%95%B8%E4%BD%8D%E5%AD%B8%E9%99%A2-%E5%8F%B0%E6%9D%B1%E5%88%86%E6%A0%A1-%E5%85%AC%E8%81%B7,%E9%AB%98%E4%B8%AD%E5%8D%87%E5%A4%A7%E5%AD%B8%E8%A3%9C%E7%BF%92%E7%8F%AD/@22.7549095,121.1503336,17z/data=!3m1!4b1!4m6!3m5!1s0x346f0c8a8cfe1b1d:0x943d863bb893f806!8m2!3d22.7549095!4d121.1503336!16s%2Fg%2F1pzsgq_s2?authuser=0&hl=en","志光數位學院-台東分校-公職,高中升大學補習班","志光數位學院-台東分校-公職,高中升大學補習班"
南,"https://www.google.com/maps/place/%E5%BF%97%E5%85%89%E6%95%B8%E4%BD%8D%E5%AD%B8%E9%99%A2-%E6%97%97%E5%B1%B1%E5%88%86%E6%A0%A1-%E5%85%AC%E8%81%B7,%E9%AB%98%E4%B8%AD%E5%8D%87%E5%A4%A7%E5%AD%B8%E8%A3%9C%E7%BF%92%E7%8F%AD/@22.8830279,120.4826375,17z/data=!3m1!4b1!4m6!3m5!1s0x346e0316b41831e3:0x79d0142ac8d8dac7!8m2!3d22.8830279!4d120.4826375!16s%2Fg%2F1pzqmy350?authuser=0&hl=en","志光數位學院-旗山分校-公職,高中升大學補習班","志光數位學院-旗山分校-公職,高中升大學補習班"
南,"https://www.google.com/maps/place/%E5%BF%97%E5%85%89%E6%95%B8%E4%BD%8D%E5%AD%B8%E9%99%A2-%E6%BD%AE%E5%B7%9E%E5%88%86%E6%A0%A1-%E5%85%AC%E8%81%B7,%E9%AB%98%E4%B8%AD%E5%8D%87%E5%A4%A7%E5%AD%B8%E8%A3%9C%E7%BF%92%E7%8F%AD/@22.5565828,120.5404558,17z/data=!3m1!4b1!4m6!3m5!1s0x346e21f0156a0ebf:0xffc6105ea6fb692a!8m2!3d22.5565828!4d120.5404558!16s%2Fg%2F1td631f8?authuser=0&hl=en","志光數位學院-潮州分校-公職,高中升大學補習班","志光數位學院-潮州分校-公職,高中升大學補習班"
東,"https://www.google.com/maps/place/%E5%BF%97%E5%85%89%E5%85%AC%E8%81%B7/@22.756225,121.1475538,17z/data=!3m1!4b1!4m6!3m5!1s0x346fb91565b70e0d:0x7412f54d51da80cd!8m2!3d22.756225!4d121.1475538!16s%2Fg%2F11f3xg8k9m?authuser=0&hl=en",志光公職,志光公職
中,"https://www.google.com/maps/place/%E9%AB%98%E9%BB%9E%E5%BB%BA%E5%9C%8B%E6%96%87%E7%90%86%E7%9F%AD%E6%9C%9F%E8%A3%9C%E7%BF%92%E7%8F%AD/@24.0746848,120.5436268,17z/data=!3m1!4b1!4m6!3m5!1s0x3469388e3f79192b:0x50c97cd2a9ea59fc!8m2!3d24.0746848!4d120.5436268!16s%2Fg%2F11f6kds7l9?authuser=0&hl=en",高點建國文理短期補習班,高點建國文理短期補習班
中,"https://www.google.com/maps/place/%E5%8F%B0%E4%B8%AD%E5%B8%82%E7%A7%81%E7%AB%8B%E9%AB%98%E9%BB%9E%E6%96%87%E7%90%86%E7%9F%AD%E6%9C%9F%E8%A3%9C%E7%BF%92%E7%8F%AD/@24.1353236,120.6883094,17z/data=!3m1!4b1!4m6!3m5!1s0x34693de54516731f:0x4e06a8a9b00fcc9a!8m2!3d24.1353236!4d120.6883094!16s%2Fg%2F11j6v2shzm?authuser=0&hl=en",台中市私立高點文理短期補習班,台中市私立高點文理短期補習班
中,"https://www.google.com/maps/place/%E9%AB%98%E9%BB%9E%E5%BB%BA%E5%9C%8B%E9%9B%B2%E7%A7%91%E7%8F%AD/@23.6925342,120.5291672,17z/data=!3m1!4b1!4m6!3m5!1s0x346ec802bf5af017:0xa41cb0373f60e46c!8m2!3d23.6925342!4d120.5291672!16s%2Fg%2F11dftsdw2m?authuser=0&hl=en",高點建國雲科班,高點建國雲科班
中,"https://www.google.com/maps/place/%E5%8F%B0%E4%B8%AD%E5%B8%82%E7%A7%81%E7%AB%8B%E9%AB%98%E9%BB%9E%E6%96%87%E7%90%86%E7%9F%AD%E6%9C%9F%E8%A3%9C%E7%BF%92%E7%8F%AD%E4%B8%AD%E6%8A%80%E7%8F%AD%EF%BC%88%E4%BE%8B%E5%81%87%E6%97%A5%E8%AB%8B%E8%87%B3%E5%8F%B3%E9%82%8A112-1%E8%99%9F+%E4%B8%AD%E7%A7%91%E7%8F%AD%EF%BC%89/@24.1521786,120.6823178,17z/data=!3m1!4b1!4m6!3m5!1s0x34693d6f578e0ba5:0xccbaba07d9059f79!8m2!3d24.1521786!4d120.6823178!16s%2Fg%2F1pzpyw0hq?authuser=0&hl=en",台中市私立高點文理短期補習班中技班,台中市私立高點文理短期補習班中技班（例假日請至右邊112-1號 中科班）
南,"https://www.google.com/maps/place/%E9%AB%98%E9%BB%9E%E7%B6%B2%E8%B7%AF%E5%AD%B8%E9%99%A2%E5%98%89%E7%BE%A9%E7%8F%AD/@23.4740733,120.4497916,17z/data=!3m1!4b1!4m6!3m5!1s0x346e95c8174429cb:0xcf9517db01017e01!8m2!3d23.4740733!4d120.4497916!16s%2Fg%2F11gj0y9lxd?authuser=0&hl=en",高點網路學院嘉義班,高點網路學院嘉義班
南,"https://www.google.com/maps/place/%E9%AB%98%E9%BB%9E%E7%B6%B2%E8%B7%AF%E5%AD%B8%E9%99%A2%E4%B8%AD%E6%AD%A3%E7%8F%AD/@23.558147,120.469737,17z/data=!3m1!4b1!4m6!3m5!1s0x346ebf46c9fb74e7:0x6abb8dbe5bbbe456!8m2!3d23.558147!4d120.469737!16s%2Fg%2F11j3s5_5mw?authuser=0&hl=en",高點網路學院中正班,高點網路學院中正班
中,"https://www.google.com/maps/place/%E5%8F%B0%E4%B8%AD%E5%B8%82%E7%A7%81%E7%AB%8B%E9%AB%98%E9%BB%9E%E6%96%87%E7%90%86%E7%9F%AD%E6%9C%9F%E8%A3%9C%E7%BF%92%E7%8F%AD%E9%80%A2%E7%94%B2%E5%88%86%E7%8F%AD/@24.1727999,120.6438537,17z/data=!3m1!4b1!4m14!1m7!3m6!1s0x34691620f07c7023:0x76afd895859b2e73!2z5Y-w5Lit5biC56eB56uL6auY6bue5paH55CG55-t5pyf6KOc57-S54-t6YCi55Sy5YiG54-t!8m2!3d24.172795!4d120.646434!16s%2Fg%2F1pztkh09p!3m5!1s0x34691620f07c7023:0x76afd895859b2e73!8m2!3d24.172795!4d120.646434!16s%2Fg%2F1pztkh09p?authuser=0&hl=zh-TW",台中市私立高點文理短期補習班逢甲分班,台中市私立高點文理短期補習班逢甲分班
中,"https://www.google.com/maps/place/%E5%8F%B0%E4%B8%AD%E5%B8%82%E7%A7%81%E7%AB%8B%E9%AB%98%E9%BB%9E%E6%96%87%E7%90%86%E7%9F%AD%E6%9C%9F%E8%A3%9C%E7%BF%92%E6%9D%B1%E6%B5%B7%E7%8F%AD/@24.1833742,120.5912638,17z/data=!3m1!4b1!4m6!3m5!1s0x3469154c537fc247:0x39a2a139b83334d8!8m2!3d24.1833742!4d120.5912638!16s%2Fg%2F11jg0cl19x?authuser=0&hl=en",台中市私立高點文理短期補習東海班,台中市私立高點文理短期補習東海班
北,"https://www.google.com/maps/place/%E7%BE%85%E6%9D%B1%E9%AB%98%E9%BB%9E%E7%B6%B2%E8%B7%AF%E5%AD%B8%E9%99%A2/@24.6801749,121.7715218,17z/data=!3m1!4b1!4m6!3m5!1s0x3467e678af9199a5:0xa94525088f8c8fc!8m2!3d24.6801749!4d121.7715218!16s%2Fg%2F11r8vqcmc?authuser=0&hl=en",高點建國網路學院,羅東高點網路學院
南,"https://www.google.com/maps/place/%E5%8F%B0%E5%8D%97%E9%AB%98%E9%BB%9E%E8%A3%9C%E7%BF%92%E7%8F%AD/@22.9955969,120.2100636,17z/data=!3m1!4b1!4m6!3m5!1s0x346e768becd8b19d:0xb1b63b8333f2fbd2!8m2!3d22.9955969!4d120.2100636!16s%2Fg%2F11f18ws997?authuser=0&hl=en",台南高點建國補習班,台南高點補習班
北,"https://www.google.com/maps/place/G.T.+Get/@25.0459276,121.5143604,17z/data=!3m1!4b1!4m6!3m5!1s0x3442a9732a6061ef:0xbfa2dc394f22e98d!8m2!3d25.0459276!4d121.5143604!16s%2Fg%2F1tf77syd?authuser=0&hl=en",高點文教機構,高點文教機構
北,"https://www.google.com/maps/place/%E9%AB%98%E9%BB%9E%E6%96%87%E6%95%99%E6%A9%9F%E6%A7%8B/@24.9558278,121.2260739,17z/data=!3m1!4b1!4m6!3m5!1s0x34682248481b402f:0x8aa4aa96cc0ebfd3!8m2!3d24.9558278!4d121.2260739!16s%2Fg%2F11f_3m_8nj?authuser=0&hl=en",高點文教機構,高點文教機構
北,"https://www.google.com/maps/place/%E9%AB%98%E9%BB%9E%E5%BB%BA%E5%9C%8B%E8%A3%9C%E7%BF%92%E7%8F%AD/@24.8030243,120.9716926,17z/data=!3m1!4b1!4m6!3m5!1s0x346835c2129b503d:0xa0e639fb5e53f625!8m2!3d24.8030243!4d120.9716926!16s%2Fg%2F11cmsd53dl?authuser=0&hl=en",高點建國補習班,高點建國補習班
南,"https://www.google.com/maps/place/%E5%8F%B0%E5%8D%97%E9%AB%98%E9%BB%9E%E8%A3%9C%E7%BF%92%E7%8F%AD/@22.9955969,120.2100636,17z/data=!3m1!4b1!4m6!3m5!1s0x346e768becd8b19d:0xb1b63b8333f2fbd2!8m2!3d22.9955969!4d120.2100636!16s%2Fg%2F11f18ws997?authuser=0&hl=en",台南高點建國補習班,台南高點補習班
中,"https://www.google.com/maps/place/%E9%AB%98%E9%BB%9E%E5%BB%BA%E5%9C%8B%E6%96%87%E7%90%86%E7%9F%AD%E6%9C%9F%E8%A3%9C%E7%BF%92%E7%8F%AD/@24.0746848,120.5436268,17z/data=!3m1!4b1!4m6!3m5!1s0x3469388e3f79192b:0x50c97cd2a9ea59fc!8m2!3d24.0746848!4d120.5436268!16s%2Fg%2F11f6kds7l9?authuser=0&hl=en",高點建國文理短期補習班,高點建國文理短期補習班
中,"https://www.google.com/maps/place/%E9%AB%98%E9%BB%9E%E5%BB%BA%E5%9C%8B%E9%9B%B2%E7%A7%91%E7%8F%AD/@23.6925342,120.5291672,17z/data=!3m1!4b1!4m6!3m5!1s0x346ec802bf5af017:0xa41cb0373f60e46c!8m2!3d23.6925342!4d120.5291672!16s%2Fg%2F11dftsdw2m?authuser=0&hl=en",高點建國雲科班,高點建國雲科班
南,"https://www.google.com/maps/place/%E9%AB%98%E9%BB%9E%E7%B6%B2%E8%B7%AF%E5%AD%B8%E9%99%A2%E5%98%89%E7%BE%A9%E7%8F%AD/@23.4740733,120.4497916,17z/data=!3m1!4b1!4m6!3m5!1s0x346e95c8174429cb:0xcf9517db01017e01!8m2!3d23.4740733!4d120.4497916!16s%2Fg%2F11gj0y9lxd?authuser=0&hl=en",高點網路學院嘉義班,高點網路學院嘉義班
南,"https://www.google.com/maps/place/%E9%AB%98%E9%BB%9E%E7%B6%B2%E8%B7%AF%E5%AD%B8%E9%99%A2%E4%B8%AD%E6%AD%A3%E7%8F%AD/@23.558147,120.469737,17z/data=!3m1!4b1!4m6!3m5!1s0x346ebf46c9fb74e7:0x6abb8dbe5bbbe456!8m2!3d23.558147!4d120.469737!16s%2Fg%2F11j3s5_5mw?authuser=0&hl=en",高點網路學院中正班,高點網路學院中正班
中,"https://www.google.com/maps/place/%E5%8F%B0%E4%B8%AD%E5%B8%82%E7%A7%81%E7%AB%8B%E9%AB%98%E9%BB%9E%E6%96%87%E7%90%86%E7%9F%AD%E6%9C%9F%E8%A3%9C%E7%BF%92%E7%8F%AD/@24.1353236,120.6883094,17z/data=!3m1!4b1!4m6!3m5!1s0x34693de54516731f:0x4e06a8a9b00fcc9a!8m2!3d24.1353236!4d120.6883094!16s%2Fg%2F11j6v2shzm?authuser=0&hl=en",台中市私立高點文理短期補習班,台中市私立高點文理短期補習班
中,"https://www.google.com/maps/place/%E9%AB%98%E9%9B%84%E9%AB%98%E9%BB%9E%E8%A3%9C%E7%BF%92%E7%8F%AD/@22.63646,120.302766,17z/data=!3m1!4b1!4m6!3m5!1s0x346e048b50a71499:0x3dd242c325764546!8m2!3d22.63646!4d120.302766!16s%2Fg%2F1pzt9vkxp?authuser=0&hl=en",台中市私立高點文理短期補習班中技班,台中市私立高點文理短期補習班中技班（例假日請至右邊112-1號 中科班）
南,"https://www.google.com/maps/place/%E9%AB%98%E9%9B%84%E9%AB%98%E9%BB%9E%E8%A3%9C%E7%BF%92%E7%8F%AD/@22.63646,120.302766,17z/data=!3m1!4b1!4m6!3m5!1s0x346e048b50a71499:0x3dd242c325764546!8m2!3d22.63646!4d120.302766!16s%2Fg%2F1pzt9vkxp?authuser=0&hl=en",高雄高點補習班,高雄高點補習班
南,"https://www.google.com/maps/place/%E5%BB%BA%E5%9C%8B%E6%96%87%E6%95%99%E6%A9%9F%E6%A7%8B/@22.63646,120.302766,17z/data=!3m1!4b1!4m6!3m5!1s0x346e048b50a71499:0xaa4cc520a390848f!8m2!3d22.63646!4d120.302766!16s%2Fg%2F11byv0z5m9?authuser=0&hl=en",建國文教機構,建國文教機構
中,"https://www.google.com/maps/place/%E5%8F%B0%E4%B8%AD%E5%B8%82%E7%A7%81%E7%AB%8B%E9%AB%98%E9%BB%9E%E6%96%87%E7%90%86%E7%9F%AD%E6%9C%9F%E8%A3%9C%E7%BF%92%E7%8F%AD%E9%80%A2%E7%94%B2%E5%88%86%E7%8F%AD/@24.172795,120.646434,17z/data=!3m1!4b1!4m6!3m5!1s0x34691620f07c7023:0x76afd895859b2e73!8m2!3d24.172795!4d120.646434!16s%2Fg%2F1pztkh09p?authuser=0&hl=en",台中市私立高點文理短期補習班逢甲分班,台中市私立高點文理短期補習班逢甲分班
中,"https://www.google.com/maps/place/%E5%8F%B0%E4%B8%AD%E5%B8%82%E7%A7%81%E7%AB%8B%E9%AB%98%E9%BB%9E%E6%96%87%E7%90%86%E7%9F%AD%E6%9C%9F%E8%A3%9C%E7%BF%92%E6%9D%B1%E6%B5%B7%E7%8F%AD/@24.1833742,120.5912638,17z/data=!3m1!4b1!4m6!3m5!1s0x3469154c537fc247:0x39a2a139b83334d8!8m2!3d24.1833742!4d120.5912638!16s%2Fg%2F11jg0cl19x?authuser=0&hl=en",台中市私立高點文理短期補習東海班,台中市私立高點文理短期補習東海班
北,"https://www.google.com/maps/place/%E7%BE%85%E6%9D%B1%E9%AB%98%E9%BB%9E%E7%B6%B2%E8%B7%AF%E5%AD%B8%E9%99%A2/@24.6801749,121.7715218,17z/data=!3m1!4b1!4m6!3m5!1s0x3467e678af9199a5:0xa94525088f8c8fc!8m2!3d24.6801749!4d121.7715218!16s%2Fg%2F11r8vqcmc?authuser=0&hl=en",高點建國網路學院,羅東高點網路學院
南,"https://www.google.com/maps/place/%E3%80%90%E4%B8%89%E6%B0%91%E5%85%AC%E8%81%B7%E8%BC%94%E8%80%83%E3%80%91-%E6%96%B0%E7%87%9F%E5%88%86%E6%A0%A1(%E5%85%AC%E8%81%B7%2F%E9%AB%98%E6%99%AE%E8%80%83%2F%E9%90%B5%E8%B7%AF%E7%89%B9%E8%80%83%2F%E4%B8%80%E8%88%AC%E8%AD%A6%E5%AF%9F%E7%89%B9%E8%80%83%2F%E5%8F%B8%E6%B3%95%E7%89%B9%E8%80%83%2F%E5%9C%8B%E7%87%9F%E4%BA%8B%E6%A5%AD%2F%E8%AD%89%E7%85%A7%2F%E5%B0%B1%E6%A5%AD%E8%80%83%E8%A9%A6)/@23.3062218,120.3219414,17z/data=!3m1!4b1!4m6!3m5!1s0x346e8523b4be5f41:0x3377b738f674dc46!8m2!3d23.3062218!4d120.3219414!16s%2Fg%2F11h1mk3mt1?authuser=0&hl=en",【三民公職輔考】-新營分校(公職/高普考/鐵路特考/一般警察特考/司法特考/國營事業/證照/就業考試),【三民公職輔考】-新營分校(公職/高普考/鐵路特考/一般警察特考/司法特考/國營事業/證照/就業考試)
南,"https://www.google.com/maps/place/%E3%80%90%E4%B8%89%E6%B0%91%E5%85%AC%E8%81%B7%E8%BC%94%E8%80%83%E3%80%91-%E5%98%89%E7%BE%A9%E5%88%86%E6%A0%A1(%E5%85%AC%E8%81%B7%2F%E7%89%B9%E8%80%83%2F%E5%9C%8B%E7%87%9F%E4%BA%8B%E6%A5%AD%2F%E9%8A%80%E8%A1%8C%E9%87%91%E8%9E%8D%2F%E5%9C%8B%E5%AE%B6%E8%AD%89%E7%85%A7%2F%E8%AD%A6%E5%B0%88%2F%E5%B0%B1%E6%A5%AD%E8%80%83%E8%A9%A6)/@23.4794435,120.4427175,17z/data=!3m1!4b1!4m6!3m5!1s0x346e9428ba008bc1:0xbe18f1b1c2b6a4e2!8m2!3d23.4794435!4d120.4427175!16s%2Fg%2F11cn69pfvx?authuser=0&hl=en",【三民公職輔考】-嘉義分校(公職、特考、國營事業、銀行金融、國家證照、警專、就業考試),【三民公職輔考】-嘉義分校(公職/特考/國營事業/銀行金融/國家證照/警專/就業考試)
中,"https://www.google.com/maps/place/%E3%80%90+%E4%B8%89%E6%B0%91%E5%85%AC%E8%81%B7%E8%BC%94%E8%80%83%E3%80%91-%E5%8F%B0%E4%B8%AD%E5%BE%A9%E8%88%88%E5%88%86%E6%A0%A1(%E5%85%AC%E8%81%B7%2F%E9%AB%98%E6%99%AE%E8%80%83%2F%E9%90%B5%E8%B7%AF%E7%89%B9%E8%80%83%2F%E4%B8%80%E8%88%AC%E8%AD%A6%E5%AF%9F%E7%89%B9%E8%80%83%2F%E5%8F%B8%E6%B3%95%E7%89%B9%E8%80%83%2F%E5%9C%8B%E7%87%9F%E4%BA%8B%E6%A5%AD%2F%E8%AD%89%E7%85%A7%2F%E5%B0%B1%E6%A5%AD%E8%80%83%E8%A9%A6)/@24.1351369,120.6849005,17z/data=!3m1!4b1!4m6!3m5!1s0x34693d169bfd9e09:0xf6c5976b366a1333!8m2!3d24.1351369!4d120.6849005!16s%2Fg%2F1tcvrljf?authuser=0&hl=en",【 三民公職輔考】-台中復興分校(公職/高普考/鐵路特考/一般警察特考/司法特考/國營事業/證照/就業考試),【 三民公職輔考】-台中復興分校(公職/高普考/鐵路特考/一般警察特考/司法特考/國營事業/證照/就業考試)
中,"https://www.google.com/maps/place/%E3%80%90%E4%B8%89%E6%B0%91%E5%85%AC%E8%81%B7%E8%BC%94%E8%80%83%E3%80%91-%E9%80%A2%E7%94%B2%E5%88%86%E6%A0%A1(%E5%85%AC%E8%81%B7%2F%E9%AB%98%E6%99%AE%E8%80%83%2F%E9%90%B5%E8%B7%AF%E7%89%B9%E8%80%83%2F%E4%B8%80%E8%88%AC%E8%AD%A6%E5%AF%9F%E7%89%B9%E8%80%83%2F%E5%8F%B8%E6%B3%95%E7%89%B9%E8%80%83%2F%E5%9C%8B%E7%87%9F%E4%BA%8B%E6%A5%AD%2F%E8%AD%89%E7%85%A7%2F%E5%B0%B1%E6%A5%AD%E8%80%83%E8%A9%A6)/@24.1780447,120.6429263,17z/data=!3m1!4b1!4m6!3m5!1s0x3469161e4cf99e51:0x3c594b3fcb207f08!8m2!3d24.1780447!4d120.6429263!16s%2Fg%2F11b6hvcqll?authuser=0&hl=en",三民輔考,【三民公職輔考】-逢甲分校(公職/高普考/鐵路特考/一般警察特考/司法特考/國營事業/證照/就業考試)
中,"https://www.google.com/maps/place/%E3%80%90%E4%B8%89%E6%B0%91%E5%85%AC%E8%81%B7%E8%BC%94%E8%80%83%E3%80%91-%E6%96%97%E5%85%AD%E5%88%86%E6%A0%A1(%E5%85%AC%E8%81%B7%2F%E9%AB%98%E6%99%AE%E8%80%83%2F%E9%90%B5%E8%B7%AF%E7%89%B9%E8%80%83%2F%E4%B8%80%E8%88%AC%E8%AD%A6%E5%AF%9F%E7%89%B9%E8%80%83%2F%E5%8F%B8%E6%B3%95%E7%89%B9%E8%80%83%2F%E5%9C%8B%E7%87%9F%E4%BA%8B%E6%A5%AD%2F%E8%AD%89%E7%85%A7%2F%E5%B0%B1%E6%A5%AD%E8%80%83%E8%A9%A6)/@23.7117438,120.542336,17z/data=!3m1!4b1!4m6!3m5!1s0x346ec992bbdf4a25:0xbf59a028ae25885c!8m2!3d23.7117438!4d120.542336!16s%2Fg%2F11hzw32fmc?authuser=0&hl=en",【三民公職輔考】-斗六分校(公職/高普考/鐵路特考/一般警察特考/司法特考/國營事業/證照/就業考試),【三民公職輔考】-斗六分校(公職/高普考/鐵路特考/一般警察特考/司法特考/國營事業/證照/就業考試)
中,"https://www.google.com/maps/place/%E3%80%90%E4%B8%89%E6%B0%91%E5%85%AC%E8%81%B7%E8%BC%94%E8%80%83%E3%80%91-%E5%8F%B0%E4%B8%AD%E7%AB%99%E5%89%8D%E5%88%86%E6%A0%A1(%E5%85%AC%E8%81%B7%2F%E9%AB%98%E6%99%AE%E8%80%83%2F%E9%90%B5%E8%B7%AF%E7%89%B9%E8%80%83%2F%E4%B8%80%E8%88%AC%E8%AD%A6%E5%AF%9F%E7%89%B9%E8%80%83%2F%E5%8F%B8%E6%B3%95%E7%89%B9%E8%80%83%2F%E5%9C%8B%E7%87%9F%E4%BA%8B%E6%A5%AD%2F%E8%AD%89%E7%85%A7%2F%E5%B0%B1%E6%A5%AD%E8%80%83%E8%A9%A6)/@24.1375557,120.6824696,17z/data=!3m1!4b1!4m6!3m5!1s0x34693d1392a20f31:0xbd06b62103dff2fc!8m2!3d24.1375557!4d120.6824696!16s%2Fg%2F11bws795ld?authuser=0&hl=en",【三民公職輔考】-台中站前分校(公職/高普考/鐵路特考/一般警察特考/司法特考/國營事業/證照/就業考試),【三民公職輔考】-台中站前分校(公職/高普考/鐵路特考/一般警察特考/司法特考/國營事業/證照/就業考試)
中,"https://www.google.com/maps/place/%E3%80%90%E4%B8%89%E6%B0%91%E5%85%AC%E8%81%B7%E8%BC%94%E8%80%83%E3%80%91-%E5%93%A1%E6%9E%97%E5%88%86%E6%A0%A1(%E5%85%AC%E8%81%B7%2F%E9%AB%98%E6%99%AE%E8%80%83%2F%E9%90%B5%E8%B7%AF%E7%89%B9%E8%80%83%2F%E4%B8%80%E8%88%AC%E8%AD%A6%E5%AF%9F%E7%89%B9%E8%80%83%2F%E5%8F%B8%E6%B3%95%E7%89%B9%E8%80%83%2F%E5%9C%8B%E7%87%9F%E4%BA%8B%E6%A5%AD%2F%E8%AD%89%E7%85%A7%2F%E5%B0%B1%E6%A5%AD%E8%80%83%E8%A9%A6)/@23.9616306,120.5705284,17z/data=!3m1!4b1!4m6!3m5!1s0x34693659cdd48065:0x250eabf7e76e26e4!8m2!3d23.9616306!4d120.5705284!16s%2Fg%2F11cr_rhs09?authuser=0&hl=en",【三民公職輔考】-員林分校(公職/高普考/鐵路特考/一般警察特考/司法特考/國營事業/證照/就業考試),【三民公職輔考】-員林分校(公職/高普考/鐵路特考/一般警察特考/司法特考/國營事業/證照/就業考試)
中,"https://www.google.com/maps/place/%E3%80%90%E4%B8%89%E6%B0%91%E5%85%AC%E8%81%B7%E8%BC%94%E8%80%83%E3%80%91-%E8%B1%90%E5%8E%9F%E5%88%86%E6%A0%A1(%E5%85%AC%E8%81%B7%2F%E9%AB%98%E6%99%AE%E8%80%83%2F%E9%90%B5%E8%B7%AF%E7%89%B9%E8%80%83%2F%E4%B8%80%E8%88%AC%E8%AD%A6%E5%AF%9F%E7%89%B9%E8%80%83%2F%E5%8F%B8%E6%B3%95%E7%89%B9%E8%80%83%2F%E5%9C%8B%E7%87%9F%E4%BA%8B%E6%A5%AD%2F%E8%AD%89%E7%85%A7%2F%E5%B0%B1%E6%A5%AD%E8%80%83%E8%A9%A6)/@24.2519303,120.717077,17z/data=!3m1!4b1!4m6!3m5!1s0x34691b46698b0347:0x9193f96f9798449!8m2!3d24.2519303!4d120.717077!16s%2Fg%2F11nmfw5y2w?authuser=0&hl=en",【三民公職輔考】-豐原分校(公職/高普考/鐵路特考/一般警察特考/司法特考/國營事業/證照/就業考試),【三民公職輔考】-豐原分校(公職/高普考/鐵路特考/一般警察特考/司法特考/國營事業/證照/就業考試)
北,"https://www.google.com/maps/place/3people/@25.0460953,121.5133872,17z/data=!3m1!4b1!4m6!3m5!1s0x3442a90cd9b576d5:0x432404d9bc35a7c9!8m2!3d25.0460953!4d121.5133872!16s%2Fg%2F11hdk9ccp6?authuser=0&hl=en",【三民公職輔考】-台北本部(公職/高普考/鐵路特考/司法特考/移民特考/國營事業/台電招考/國營聯招/銀行招考/記帳士/不動產經紀人/地政士/金融證照),【三民公職輔考】-台北本部(公職/高普考/鐵路特考/司法特考/移民特考/國營事業/台電招考/國營聯招/銀行招考/記帳士/不動產經紀人/地政士/金融證照)
南,"https://www.google.com/maps/place/%E3%80%90%E4%B8%89%E6%B0%91%E5%85%AC%E8%81%B7%E8%BC%94%E8%80%83%E3%80%91-%E5%8F%B0%E5%8D%97%E6%88%90%E5%8A%9F%E5%88%86%E6%A0%A1(%E5%85%AC%E8%81%B7%2F%E9%AB%98%E6%99%AE%E8%80%83%2F%E9%90%B5%E8%B7%AF%E7%89%B9%E8%80%83%2F%E4%B8%80%E8%88%AC%E8%AD%A6%E5%AF%9F%E7%89%B9%E8%80%83%2F%E5%8F%B8%E6%B3%95%E7%89%B9%E8%80%83%2F%E5%9C%8B%E7%87%9F%E4%BA%8B%E6%A5%AD%2F%E8%AD%89%E7%85%A7%2F%E5%B0%B1%E6%A5%AD%E8%80%83%E8%A9%A6)/@22.997338,120.2098326,17z/data=!3m1!4b1!4m6!3m5!1s0x346e768b9de409a9:0xfbd2c7662aebf77!8m2!3d22.997338!4d120.2098326!16s%2Fg%2F11b6hqxhj9?authuser=0&hl=en",【三民公職輔考】-台南成功分校(公職/高普考/鐵路特考/一般警察特考/司法特考/國營事業/證照/就業考試),【三民公職輔考】-台南成功分校(公職/高普考/鐵路特考/一般警察特考/司法特考/國營事業/證照/就業考試)
北,"https://www.google.com/maps/place/%E3%80%90%E4%B8%89%E6%B0%91%E8%A3%9C%E7%BF%92%E7%8F%AD%E3%80%91(%E4%B8%89%E6%B0%91%E8%BC%94%E8%80%83)-%E5%85%AC%E8%81%B7%2F%E9%AB%98%E6%99%AE%E8%80%83%2F%E9%90%B5%E8%B7%AF%E7%89%B9%E8%80%83%2F%E4%B8%80%E8%88%AC%E8%AD%A6%E5%AF%9F%E7%89%B9%E8%80%83%2F%E5%8F%B8%E6%B3%95%E7%89%B9%E8%80%83%2F%E5%9C%8B%E7%87%9F%E4%BA%8B%E6%A5%AD%2F%E8%AD%89%E7%85%A7%2F%E5%B0%B1%E6%A5%AD%E8%80%83%E8%A9%A6/@25.0460953,121.5133872,17z/data=!3m1!4b1!4m6!3m5!1s0x3442a90cd9edbd73:0x34be8196d440e710!8m2!3d25.0460953!4d121.5133872!16s%2Fg%2F1tdkjxq3?authuser=0&hl=en",【三民補習班】(三民輔考)-公職/高普考/鐵路特考/一般警察特考/司法特考/國營事業/證照/就業考試,【三民補習班】(三民輔考)-公職/高普考/鐵路特考/一般警察特考/司法特考/國營事業/證照/就業考試
北,"https://www.google.com/maps/place/%E5%AD%97%E7%A5%9E%E5%B8%9D%E5%9C%8B/@25.0440624,121.5139565,17z/data=!3m1!4b1!4m5!3m4!1s0x3442a9736dcfa82d:0xadcc80ca3b1af098!8m2!3d25.0440623!4d121.5161406?authuser=0&hl=en",字神帝國,字神帝國
北,"https://www.google.com/maps/place/Imperial+College+English+word+God+Xuchang+Campus/@25.0458949,121.5169215,17z/data=!3m1!4b1!4m6!3m5!1s0x3442a90b5f316757:0x7ed3ff3b50f0d05d!8m2!3d25.0458949!4d121.5169215!16s%2Fg%2F1tgtc5k9?authuser=0&hl=en",字神帝國英語學院許昌校區,字神帝國英語學院許昌校區
北,"https://www.google.com/maps/place/%E5%AD%97%E7%A5%9E%E5%B8%9D%E5%9C%8B%E8%8B%B1%E8%AA%9E%E5%AD%B8%E9%99%A2%E5%A3%AB%E6%9E%97%E6%A0%A1%E5%8D%80/@25.0949761,121.5251,17z/data=!3m1!4b1!4m6!3m5!1s0x3442af6f06c4d641:0x167a25e852c6372f!8m2!3d25.0949761!4d121.5251!16s%2Fg%2F11h1_0d_72?authuser=0&hl=en",字神帝國英語學院士林校區,字神帝國英語學院士林校區
中,"https://www.google.com/maps/place/%E5%AD%97%E7%A5%9E%E5%B8%9D%E5%9C%8B%E8%8B%B1%E8%AA%9E%E5%AD%B8%E9%99%A2+-+%E5%8F%B0%E4%B8%AD%E5%BE%A9%E8%88%88%E5%88%86%E6%A0%A1+%EF%BC%9A%E5%A4%9A%E7%9B%8ATOEIC+%2F+%E9%9B%85%E6%80%9D+IELTS+%2F+%E6%89%98%E7%A6%8F+TOEFL+%2F+SAT+%2F+GRE+%2F+GMAT/@24.1351335,120.6828822,17z/data=!3m1!4b1!4m5!3m4!1s0x34693d169b90fe99:0xa62aaf195b204bb8!8m2!3d24.1351529!4d120.6850608?authuser=0&hl=en",字神帝國英語學院 - 台中復興分校 ：多益TOEIC / 雅思 IELTS / 托福 TOEFL / SAT / GRE / GMAT,字神帝國英語學院 - 台中復興分校 ：多益TOEIC / 雅思 IELTS / 托福 TOEFL / SAT / GRE / GMAT
南,"https://www.google.com/maps/place/%E5%AD%97%E7%A5%9E%E5%B8%9D%E5%9C%8B+%E9%AB%98%E9%9B%84%E4%B8%AD%E5%B1%B1%E5%88%86%E6%A0%A1/@22.635338,120.2998193,17z/data=!4m5!3m4!1s0x346e048b6d949327:0x200c12e057c4703a!8m2!3d22.6353385!4d120.3020013?authuser=0&hl=en",字神帝國 高雄中山分校,字神帝國 高雄中山分校
北,"https://www.google.com/maps/place/%E5%8F%B0%E5%8C%97%E5%81%89%E6%96%87%E8%A3%9C%E7%BF%92%E7%8F%AD%EF%BD%9C%E7%A0%94%E7%A9%B6%E6%89%80%EF%BD%9C%E8%BD%89%E5%AD%B8%E8%80%83%EF%BD%9C%E6%9C%80%E5%85%B7%E7%AB%B6%E7%88%AD%E5%8A%9B%E7%9A%84%E9%87%91%E6%A6%9C%E5%93%81%E7%89%8C/@25.047133,121.5126107,17z/data=!3m1!4b1!4m6!3m5!1s0x3442a97318a5c361:0x24e1dd8f5512104e!8m2!3d25.047133!4d121.5126107!16s%2Fg%2F11clsfj481?authuser=0&hl=en",台北偉文補習班｜研究所｜轉學考｜最具競爭力的金榜品牌,台北偉文補習班｜研究所｜轉學考｜最具競爭力的金榜品牌
北,"https://www.google.com/maps/place/%E4%B8%AD%E5%A3%A2%E5%81%89%E6%96%87%E8%A3%9C%E7%BF%92%E7%8F%AD/@24.9554286,121.2264623,17z/data=!3m1!4b1!4m6!3m5!1s0x3468224838c76e57:0x118571478c3c6d9e!8m2!3d24.9554286!4d121.2264623!16s%2Fg%2F11c2nkq6s2?authuser=0&hl=en",中壢偉文補習班,中壢偉文補習班
北,"https://www.google.com/maps/place/%E6%96%B0%E7%AB%B9%E5%81%89%E6%96%87%E8%A3%9C%E7%BF%92%E7%8F%AD/@24.804381,120.973232,17z/data=!3m1!4b1!4m6!3m5!1s0x346835736ecaae3d:0x2c8ec0972f5910dd!8m2!3d24.804381!4d120.973232!16s%2Fg%2F11rcwbvtsn?authuser=0&hl=en",新竹市私立偉文文理短期補習班,新竹偉文補習班
北,"https://www.google.com/maps/place/%E7%A7%81%E7%AB%8B%E5%81%89%E6%96%87%E6%96%87%E7%90%86%E7%9F%AD%E6%9C%9F%E8%A3%9C%E7%BF%92%E7%8F%AD/@24.5447211,120.8111617,17z/data=!3m1!4b1!4m6!3m5!1s0x3469abe697e9c7cb:0xc3d36067ef617d36!8m2!3d24.5447211!4d120.8111617!16s%2Fg%2F1pzw58dhd?authuser=0&hl=en",私立偉文文理短期補習班,私立偉文文理短期補習班
中,"https://www.google.com/maps/place/%E5%8F%B0%E4%B8%AD%E5%81%89%E6%96%87%E8%A3%9C%E7%BF%92%E7%8F%AD/@24.137451,120.6842567,17z/data=!3m1!4b1!4m6!3m5!1s0x34693d146ebef0db:0xae725f9bb9ac1514!8m2!3d24.137451!4d120.6842567!16s%2Fg%2F11gbf91ytg?authuser=0&hl=en",台中偉文補習班,台中偉文補習班
中,"https://www.google.com/maps/place/%E5%8F%B0%E4%B8%AD%E5%81%89%E6%96%87%E8%A3%9C%E7%BF%92%E7%8F%AD/@24.137451,120.6842567,17z/data=!3m1!4b1!4m6!3m5!1s0x34693d146ebef0db:0xae725f9bb9ac1514!8m2!3d24.137451!4d120.6842567!16s%2Fg%2F11gbf91ytg?authuser=0&hl=en",偉文專業升學輔考中心(台中班),台中偉文補習班
南,"https://www.google.com/maps/place/%E5%98%89%E7%BE%A9%E5%81%89%E6%96%87%E8%A3%9C%E7%BF%92%E7%8F%AD/@23.4740733,120.4497916,17z/data=!3m1!4b1!4m6!3m5!1s0x346e943a8930d46d:0x1f7902404c8386d!8m2!3d23.4740733!4d120.4497916!16s%2Fg%2F11c0ptghtt?authuser=0&hl=en",嘉義偉文補習班,嘉義偉文補習班
南,"https://www.google.com/maps/place/%E4%B8%AD%E6%AD%A3%E5%81%89%E6%96%87/@23.5587863,120.4696258,17z/data=!3m1!4b1!4m6!3m5!1s0x346ebe5a86193697:0x3caf7b1ef128cdd2!8m2!3d23.5587863!4d120.4696258!16s%2Fg%2F11c2l87brk?authuser=0&hl=en",中正偉文,中正偉文
北,"https://www.google.com/maps/place/%E6%88%B4%E7%88%BE%E7%BE%8E%E8%AA%9E+%E5%8F%B0%E5%8C%97%E6%A0%A1/@25.0449093,121.5138328,17z/data=!3m1!4b1!4m5!3m4!1s0x3442a97310dd8571:0x9b2876c77537b4ff!8m2!3d25.0449099!4d121.5160067?authuser=0&hl=en",戴爾美語 台北校,戴爾美語 台北校
北,"https://www.google.com/maps/place/%E6%88%B4%E7%88%BE%E7%BE%8E%E8%AA%9E%E6%9D%B1%E5%8D%80%E6%A0%A1-%E6%89%98%E7%A6%8F%E9%9B%85%E6%80%9D%E5%A4%9A%E7%9B%8A%E5%AE%98%E6%96%B9%E8%80%83%E5%A0%B4%E6%95%99%E5%AD%B8%E4%B8%AD%E5%BF%83/@25.0417329,121.5456274,17z/data=!3m1!4b1!4m6!3m5!1s0x3442abda8714cb49:0xac1eb7f773e2dd82!8m2!3d25.0417329!4d121.5456274!16s%2Fg%2F1pzv3w41g?authuser=0&hl=en",戴爾美語東區校-托福雅思多益官方考場教學中心,戴爾美語東區校-托福雅思多益官方考場教學中心
北,"https://www.google.com/maps/place/%E6%88%B4%E7%88%BE%E7%BE%8E%E8%AA%9E%E6%9D%BF%E6%A9%8B%E6%A0%A1-%E6%89%98%E7%A6%8F%E9%9B%85%E6%80%9D%E5%A4%9A%E7%9B%8A%E5%AE%98%E6%96%B9%E8%80%83%E5%A0%B4%E6%95%99%E5%AD%B8%E4%B8%AD%E5%BF%83/@25.0097935,121.4611835,17z/data=!3m1!4b1!4m6!3m5!1s0x3442a81dbf39e4e1:0x15bc46a440ee709e!8m2!3d25.0097935!4d121.4611835!16s%2Fg%2F11h0gtkpw?authuser=0&hl=en",戴爾美語板橋校-托福雅思多益官方考場教學中心,戴爾美語板橋校-托福雅思多益官方考場教學中心
中,"https://www.google.com/maps/place/%E5%8F%B0%E5%8C%97%E6%88%B4%E7%88%BE%E7%BE%8E%E8%AA%9E%E6%89%98%E7%A6%8F%E9%9B%85%E6%80%9D%E5%AE%98%E6%96%B9%E8%80%83%E8%A9%A6%E4%B8%AD%E5%BF%83/@25.0446245,121.5148451,17z/data=!3m1!4b1!4m6!3m5!1s0x3442a9c8dbeff763:0x283d39354a4b9a37!8m2!3d25.0446245!4d121.5148451!16s%2Fg%2F11klnjgdd7?authuser=0&hl=en",台北戴爾美語托福雅思官方考試中心,台北戴爾美語托福雅思官方考試中心
北,"https://www.google.com/maps/place/%E6%88%B4%E7%88%BE%E7%BE%8E%E8%AA%9E%E4%B8%AD%E5%A3%A2%E6%A0%A1-%E6%89%98%E7%A6%8F%E9%9B%85%E6%80%9D%E5%A4%9A%E7%9B%8A%E5%AE%98%E6%96%B9%E8%80%83%E5%A0%B4%E6%95%99%E5%AD%B8%E4%B8%AD%E5%BF%83/@24.9558031,121.2243944,17z/data=!3m1!4b1!4m6!3m5!1s0x3468224849611d0b:0x489e9ab3f83a8dda!8m2!3d24.9558031!4d121.2243944!16s%2Fg%2F11bzx1t522?authuser=0&hl=en",戴爾美語中壢校-托福雅思多益官方考場教學中心,戴爾美語中壢校-托福雅思多益官方考場教學中心
北,"https://www.google.com/maps/place/%E6%88%B4%E7%88%BE%E7%BE%8E%E8%AA%9E/@24.803147,120.97149,17z/data=!3m1!4b1!4m6!3m5!1s0x346835c211d9788f:0xf22a2712f2f4cf29!8m2!3d24.803147!4d120.97149!16s%2Fg%2F119wq7t4g?authuser=0&hl=en",戴爾美語,戴爾美語
中,"https://www.google.com/maps/place/%E6%88%B4%E7%88%BE%E7%BE%8E%E8%AA%9E%E5%8F%B0%E4%B8%AD%E6%A0%A1-%E6%89%98%E7%A6%8F%E9%9B%85%E6%80%9D%E5%A4%9A%E7%9B%8A%E5%AE%98%E6%96%B9%E8%80%83%E5%A0%B4%E6%95%99%E5%AD%B8%E4%B8%AD%E5%BF%83/@24.1337993,120.6831399,17z/data=!3m1!4b1!4m6!3m5!1s0x34693d1135e1853f:0xf335358b8a922b29!8m2!3d24.1337993!4d120.6831399!16s%2Fg%2F119tc9211?authuser=0&hl=en",戴爾美語台中校-托福雅思多益官方考場教學中心,戴爾美語台中校-托福雅思多益官方考場教學中心
中,"https://www.google.com/maps/place/%E6%88%B4%E7%88%BE%E7%BE%8E%E8%AA%9E%E9%80%A2%E7%94%B2%E6%A0%A1-%E6%89%98%E7%A6%8F%E9%9B%85%E6%80%9D%E5%A4%9A%E7%9B%8A%E5%AE%98%E6%96%B9%E8%80%83%E5%A0%B4%E6%95%99%E5%AD%B8%E4%B8%AD%E5%BF%83/@24.1780092,120.6428334,17z/data=!3m1!4b1!4m6!3m5!1s0x34693d8a99a6e205:0x528b75f0ccd928dd!8m2!3d24.1780092!4d120.6428334!16s%2Fg%2F119wm42zw?authuser=0&hl=en",戴爾美語逢甲校-托福雅思多益官方考場教學中心,戴爾美語逢甲校-托福雅思多益官方考場教學中心
南,"https://www.google.com/maps/place/%E6%88%B4%E7%88%BE%E7%BE%8E%E8%AA%9E%E5%8F%B0%E5%8D%97%E6%A0%A1-%E6%89%98%E7%A6%8F%E9%9B%85%E6%80%9D%E5%A4%9A%E7%9B%8A%E5%AE%98%E6%96%B9%E8%80%83%E5%A0%B4%E6%95%99%E5%AD%B8%E4%B8%AD%E5%BF%83/@22.9966542,120.2110499,17z/data=!3m1!4b1!4m6!3m5!1s0x346e768c7c088dd7:0xaf7e4eeb034dbac4!8m2!3d22.9966542!4d120.2110499!16s%2Fg%2F119wl9pft?authuser=0&hl=en",戴爾美語台南校-托福雅思多益官方考場教學中心,戴爾美語台南校-托福雅思多益官方考場教學中心
南,"https://www.google.com/maps/place/%E6%88%B4%E7%88%BE%E7%BE%8E%E8%AA%9E%E9%AB%98%E9%9B%84%E6%A0%A1-%E6%89%98%E7%A6%8F%E9%9B%85%E6%80%9D%E5%A4%9A%E7%9B%8A%E5%AE%98%E6%96%B9%E8%80%83%E5%A0%B4%E6%95%99%E5%AD%B8%E4%B8%AD%E5%BF%83/@22.6340534,120.3019388,17z/data=!3m1!4b1!4m6!3m5!1s0x346e048b9848d39f:0xe74aab6d44908d98!8m2!3d22.6340534!4d120.3019388!16s%2Fg%2F119v4sqbb?authuser=0&hl=en",戴爾美語高雄校-托福雅思多益官方考場教學中心,戴爾美語高雄校-托福雅思多益官方考場教學中心
南,"https://www.google.com/maps/place/%E6%88%B4%E7%88%BE%E7%BE%8E%E8%AA%9E%E5%B1%8F%E6%9D%B1%E6%A0%A1-%E6%89%98%E7%A6%8F%E9%9B%85%E6%80%9D%E5%A4%9A%E7%9B%8A%E5%AE%98%E6%96%B9%E8%80%83%E5%A0%B4%E6%95%99%E5%AD%B8%E4%B8%AD%E5%BF%83/@22.669982,120.4865255,17z/data=!3m1!4b1!4m6!3m5!1s0x346e178394b472ef:0xb1d5ac973e565881!8m2!3d22.669982!4d120.4865255!16s%2Fg%2F119tc8x44?authuser=0&hl=en",戴爾美語屏東校-托福雅思多益官方考場教學中心,戴爾美語屏東校-托福雅思多益官方考場教學中心
北,"https://www.google.com/maps/place/Elite+International+Language+Education+Center+-+Hsinchu+Station+school/@24.8043045,120.9730452,17z/data=!3m1!4b1!4m6!3m5!1s0x346835c255c33d53:0x2c6013a99db27c84!8m2!3d24.8043045!4d120.9730452!16s%2Fg%2F1tq4nvbg?authuser=0&hl=en",菁英國際語言教育中心 - 新竹站前校,菁英國際語言教育中心 - 新竹站前校
中,"https://www.google.com/maps/place/%E8%8F%81%E8%8B%B1%E5%9C%8B%E9%9A%9B%E8%AA%9E%E8%A8%80%E6%95%99%E8%82%B2%E4%B8%AD%E5%BF%83+-+%E5%8F%B0%E4%B8%AD%E7%AB%99%E5%89%8D%EF%BC%9A%E5%A4%9A%E7%9B%8A%E8%A1%9D%E5%88%BATOEIC+%2F+%E9%9B%85%E6%80%9D%E8%8B%B1%E6%96%87%E8%A3%9C%E7%BF%92%E7%8F%ADIELTS+%2F+%E5%B0%88%E6%A5%AD%E6%89%98%E7%A6%8F%E7%95%99%E5%AD%B8%E7%8F%ADTOEFL+%2F+SAT+%2F+%E6%97%A5%E6%96%87%E6%9C%83%E8%A9%B1%E8%A3%9C%E7%BF%92%E7%8F%AD+%2F+%E6%97%A5%E6%96%87%E6%AA%A2%E5%AE%9AJLPT%2F+%E8%8B%B1%E6%96%87%E6%9C%83%E8%A9%B1+%2F+%E5%95%86%E7%94%A8%E8%8B%B1%E6%96%87/@24.1349788,120.6846886,17z/data=!3m1!4b1!4m6!3m5!1s0x34693d16a2aa06b9:0x697fd71f93c5e530!8m2!3d24.1349788!4d120.6846886!16s%2Fg%2F1trphy_v?authuser=0&hl=en",菁英國際語言教育中心 - 台中站前：多益衝刺TOEIC / 雅思英文補習班IELTS / 專業托福留學班TOEFL / SAT / 日文會話補習班 / 日文檢定JLPT/ 英文會話 / 商用英文,菁英國際語言教育中心 - 台中站前：多益衝刺TOEIC / 雅思英文補習班IELTS / 專業托福留學班TOEFL / SAT / 日文會話補習班 / 日文檢定JLPT/ 英文會話 / 商用英文
北,"https://www.google.com/maps/place/%E8%8F%81%E8%8B%B1%E5%9C%8B%E9%9A%9B%E8%AA%9E%E8%A8%80%E6%95%99%E8%82%B2%E4%B8%AD%E5%BF%83+-+%E6%A1%83%E5%9C%92%E4%B8%AD%E5%A3%A2%EF%BC%9A%E5%A4%9A%E7%9B%8A%E8%A1%9D%E5%88%BATOEIC+%2F+%E9%9B%85%E6%80%9D%E8%8B%B1%E6%96%87%E8%A3%9C%E7%BF%92%E7%8F%ADIELTS+%2F+%E5%B0%88%E6%A5%AD%E6%89%98%E7%A6%8F%E7%95%99%E5%AD%B8%E7%8F%ADTOEFL+%2F+SAT+%2F+%E6%97%A5%E6%96%87%E6%9C%83%E8%A9%B1%E8%A3%9C%E7%BF%92%E7%8F%AD+%2F+%E6%97%A5%E6%96%87%E6%AA%A2%E5%AE%9AJLPT%2F+%E8%8B%B1%E6%96%87%E6%9C%83%E8%A9%B1+%2F+%E5%95%86%E7%94%A8%E8%8B%B1%E6%96%87/@24.9553461,121.2255814,17z/data=!3m1!4b1!4m6!3m5!1s0x346822484afa3f2b:0xdfca8cebd0e82c11!8m2!3d24.9553461!4d121.2255814!16s%2Fg%2F11bxjw7v8l?authuser=0&hl=en",菁英國際語言教育中心 - 桃園中壢：多益衝刺TOEIC / 雅思英文補習班IELTS / 專業托福留學班TOEFL / SAT / 日文會話補習班 / 日文檢定JLPT/ 英文會話 / 商用英文,菁英國際語言教育中心 - 桃園中壢：多益衝刺TOEIC / 雅思英文補習班IELTS / 專業托福留學班TOEFL / SAT / 日文會話補習班 / 日文檢定JLPT/ 英文會話 / 商用英文
北,"https://www.google.com/maps/place/%E8%8F%81%E8%8B%B1%E5%9C%8B%E9%9A%9B%E8%AA%9E%E8%A8%80%E6%95%99%E8%82%B2%E4%B8%AD%E5%BF%83+-+%E6%96%B0%E5%8C%97%E6%9D%BF%E6%A9%8B%EF%BC%9ATOEIC%E5%A4%9A%E7%9B%8A%E6%BA%96%E5%82%99+%2F+%E9%9B%85%E6%80%9D%E8%A3%9C%E7%BF%92IELTS+%2F+%E5%B0%88%E6%A5%ADTOEFL%E6%89%98%E7%A6%8F%E8%AA%8D%E8%AD%89%E8%80%83%E8%A9%A6+%2F+SAT+%2F+%E6%97%A5%E6%96%87%E6%9C%83%E8%A9%B1+%2F+JLPT%E6%97%A5%E6%96%87%E6%AA%A2%E5%AE%9A/@25.007971,121.4601471,17z/data=!3m1!4b1!4m6!3m5!1s0x346802a7791f3399:0xf977ab8e6aa89066!8m2!3d25.007971!4d121.4601471!16s%2Fg%2F119vx03t3?authuser=0&hl=en",菁英國際語言教育中心 - 新北板橋：多益衝刺TOEIC / 雅思英文補習班IELTS / 專業托福留學班TOEFL / SAT / 日文會話補習班 / 日文檢定JLPT/ 英文會話 / 商用英文,菁英國際語言教育中心 - 新北板橋
北,"https://www.google.com/maps/place/%E8%8F%81%E8%8B%B1%E5%9C%8B%E9%9A%9B%E8%AA%9E%E8%A8%80%E6%95%99%E8%82%B2%E4%B8%AD%E5%BF%83+-+%E6%A1%83%E5%9C%92%E7%AB%99%E5%89%8D%EF%BC%9A%E5%A4%9A%E7%9B%8A%E8%A1%9D%E5%88%BATOEIC+%2F+%E9%9B%85%E6%80%9D%E8%8B%B1%E6%96%87%E8%A3%9C%E7%BF%92%E7%8F%ADIELTS+%2F+%E5%B0%88%E6%A5%AD%E6%89%98%E7%A6%8F%E7%95%99%E5%AD%B8%E7%8F%ADTOEFL+%2F+SAT+%2F+%E6%97%A5%E6%96%87%E6%9C%83%E8%A9%B1%E8%A3%9C%E7%BF%92%E7%8F%AD+%2F+%E6%97%A5%E6%96%87%E6%AA%A2%E5%AE%9AJLPT%2F+%E8%8B%B1%E6%96%87%E6%9C%83%E8%A9%B1+%2F+%E5%95%86%E7%94%A8%E8%8B%B1%E6%96%87/@24.9904289,121.311798,17z/data=!3m1!4b1!4m6!3m5!1s0x34681efcb9db0c23:0x2878fa40ba96d715!8m2!3d24.9904289!4d121.311798!16s%2Fg%2F119v0phnm?authuser=0&hl=en",菁英國際語言教育中心 - 桃園站前：多益衝刺TOEIC / 雅思英文補習班IELTS / 專業托福留學班TOEFL / SAT / 日文會話補習班 / 日文檢定JLPT/ 英文會話 / 商用英文,菁英國際語言教育中心 - 桃園站前：多益衝刺TOEIC / 雅思英文補習班IELTS / 專業托福留學班TOEFL / SAT / 日文會話補習班 / 日文檢定JLPT/ 英文會話 / 商用英文
北,"https://www.google.com/maps/place/%E3%80%8A%E5%9B%9B%E5%AD%A3%E6%97%A5%E6%9C%AC%E8%AA%9E%E3%80%8B-%E6%96%B0%E5%8C%97%E6%9D%BF%E6%A9%8B%EF%BC%9A%E5%B0%88%E6%A5%AD%E5%AD%B8%E6%97%A5%E6%96%87%E8%A3%9C%E7%BF%92%E7%8F%AD%E3%80%81%E6%97%A5%E6%96%87%E6%9C%83%E8%A9%B1%E3%80%81JLPT%E6%97%A5%E8%AA%9E%E6%AA%A2%E5%AE%9A/@25.007868,121.4602093,17z/data=!3m1!4b1!4m6!3m5!1s0x3442a875060717a5:0x2654f73948ff7464!8m2!3d25.007868!4d121.4602093!16s%2Fg%2F11g9qml94_?authuser=0&hl=en",菁英國際語言教育中心- 輔大新莊：多益衝刺TOEIC / 雅思英文補習班IELTS / 專業托福留學班TOEFL / SAT / 日文會話補習班 / 日文檢定JLPT/ 英文會話 / 商用英文,《四季日本語》-新北板橋：專業學日文補習班、日文會話、JLPT日語檢定
北,"https://www.google.com/maps/place/%E8%8F%81%E8%8B%B1%E5%9C%8B%E9%9A%9B%E8%AA%9E%E8%A8%80%E6%95%99%E8%82%B2%E4%B8%AD%E5%BF%83+-+%E5%8F%B0%E5%8C%97%E5%85%AC%E9%A4%A8%EF%BC%9A%E5%A4%9A%E7%9B%8ATOEIC+%2F+%E9%9B%85%E6%80%9DIELTS+%2F+%E6%89%98%E7%A6%8FTOEFL+%2F+SAT+%2F+%E6%97%A5%E6%96%87%E6%9C%83%E8%A9%B1+%2F+%E6%97%A5%E6%96%87%E6%AA%A2%E5%AE%9AJLPT/@25.0168684,121.5324464,17z/data=!3m1!4b1!4m6!3m5!1s0x3442a98beb9aefd5:0xd311e511f964d5b4!8m2!3d25.0168684!4d121.5324464!16s%2Fg%2F11b7vy3dr6?authuser=0&hl=en",菁英國際語言教育中心(補習班)-台北公館：多益TOEIC / 雅思IELTS / 托福TOEFL / SAT / 日文會話 / 日文檢定JLPT,菁英國際語言教育中心 - 台北公館：多益TOEIC / 雅思IELTS / 托福TOEFL / SAT / 日文會話 / 日文檢定JLPT
北,"https://www.google.com/maps/place/%E8%8F%81%E8%8B%B1%E5%9C%8B%E9%9A%9B%E8%AA%9E%E8%A8%80%E6%95%99%E8%82%B2%E4%B8%AD%E5%BF%83+-+%E6%89%98%E7%A6%8FTOEEL+%2F+%E9%9B%85%E6%80%9DIELTS+%E5%8F%B0%E5%8C%97%E7%AB%99%E5%89%8D%E7%B4%99%E8%80%83%E6%A9%9F%E8%80%83%E6%AD%A3%E5%BC%8F%E8%80%83%E5%A0%B4/@25.0454672,121.5160045,17z/data=!3m1!4b1!4m6!3m5!1s0x3442a97310a2fc43:0xe5259613ebb9ab1b!8m2!3d25.0454672!4d121.5160045!16s%2Fg%2F1tczn1gl?authuser=0&hl=en",菁英國際語言教育中心 - 台北站前南陽：多益衝刺TOEIC / 雅思英文補習班IELTS / 專業托福留學班TOEFL / SAT / 日文會話補習班 / 日文檢定JLPT/ 英文會話 / 商用英文 / 托福正式考場 / 雅思紙考機考考場,菁英國際語言教育中心 - 台北站前考場
北,"https://www.google.com/maps/place/%E8%8F%81%E8%8B%B1%E5%9C%8B%E9%9A%9B%E8%AA%9E%E8%A8%80%E6%95%99%E8%82%B2%E4%B8%AD%E5%BF%83+-+%E5%8F%B0%E5%8C%97%E5%A3%AB%E6%9E%97%EF%BC%9A%E5%A4%9A%E7%9B%8A%E8%A1%9D%E5%88%BATOEIC+%2F+%E9%9B%85%E6%80%9D%E8%8B%B1%E6%96%87%E8%A3%9C%E7%BF%92%E7%8F%ADIELTS+%2F+%E5%B0%88%E6%A5%AD%E6%89%98%E7%A6%8F%E7%95%99%E5%AD%B8%E7%8F%ADTOEFL+%2F+SAT+%2F+%E6%97%A5%E6%96%87%E6%9C%83%E8%A9%B1%E8%A3%9C%E7%BF%92%E7%8F%AD+%2F+%E6%97%A5%E6%96%87%E6%AA%A2%E5%AE%9AJLPT%2F+%E8%8B%B1%E6%96%87%E6%9C%83%E8%A9%B1+%2F+%E5%95%86%E7%94%A8%E8%8B%B1%E6%96%87/@25.0952715,121.5249105,17z/data=!3m1!4b1!4m6!3m5!1s0x3442aebcb8fe45bd:0xd397d87611397753!8m2!3d25.0952715!4d121.5249105!16s%2Fg%2F1tlc5s9x?authuser=0&hl=en",Elite English Language Institute of Testing and Education - Shilin,菁英國際語言教育中心 - 台北士林：多益衝刺TOEIC / 雅思英文補習班IELTS / 專業托福留學班TOEFL / SAT / 日文會話補習班 / 日文檢定JLPT/ 英文會話 / 商用英文
北,"https://www.google.com/maps/place/Elite+English+Institute+of+Testing+and+Education/@25.0413923,121.5459874,17z/data=!3m1!4b1!4m6!3m5!1s0x3442abd078a41e63:0x79b641199a98b04f!8m2!3d25.0413923!4d121.5459874!16s%2Fg%2F1tdk2w9c?authuser=0&hl=en",菁英國際語言教育中心 - 台北東區：多益衝刺TOEIC / 雅思英文補習班IELTS / 專業托福留學班TOEFL / SAT / 日文會話補習班 / 日文檢定JLPT/ 英文會話 / 商用英文,菁英國際語言教育中心 - 台北東區：多益衝刺TOEIC / 雅思英文補習班IELTS / 專業托福留學班TOEFL / SAT / 日文會話補習班 / 日文檢定JLPT/ 英文會話 / 商用英文
北,"https://www.google.com/maps/place/Elite+School/@25.0453994,121.5158407,17z/data=!3m1!4b1!4m6!3m5!1s0x3442a9731ecb6013:0x4d5ee926882a2e73!8m2!3d25.0453994!4d121.5158407!16s%2Fg%2F1hm3bvyjy?authuser=0&hl=en",菁英國際語言教育中心 - 台北站前：多益衝刺TOEIC / 雅思英文補習班IELTS / 專業托福留學班TOEFL / SAT / 日文會話補習班 / 日文檢定JLPT/ 英文會話 / 商用英文,菁英國際語言教育中心
北,"https://www.google.com/maps/place/%E8%8F%81%E8%8B%B1%E5%9C%8B%E9%9A%9B%E8%AA%9E%E8%A8%80%E6%95%99%E8%82%B2%E4%B8%AD%E5%BF%83-%E5%8F%B0%E5%8C%97%E6%97%97%E8%89%A6%E6%95%99%E5%AE%A4/@25.0458306,121.5142466,17z/data=!3m2!4b1!5s0x3442a972fcdfbf4f:0x530c76bc0e154119!4m6!3m5!1s0x3442a9b22e026935:0x36c0dda2078d8a7a!8m2!3d25.0458258!4d121.5168269!16s%2Fg%2F11lh6d818h?authuser=0&hl=en",菁英國際語言教育中心-台北旗艦教室,菁英國際語言教育中心-台北旗艦教室
南,"https://www.google.com.tw/maps/place/%E8%8F%81%E8%8B%B1%E5%9C%8B%E9%9A%9B%E8%AA%9E%E8%A8%80%E6%95%99%E8%82%B2%E4%B8%AD%E5%BF%83+-+%E9%AB%98%E9%9B%84%E7%AB%99%E5%89%8D/@22.6374795,120.2996412,17z/data=!3m1!4b1!4m6!3m5!1s0x346e048acd3f7643:0x2aadd9a1c0b900fd!8m2!3d22.6374795!4d120.2996412!16s%2Fg%2F11bxgnd0x5?authuser=0&hl=en",菁英國際語言教育中心 - 高雄站前：多益衝刺TOEIC / 雅思英文補習班IELTS / 專業托福留學班TOEFL / SAT / 日文會話補習班 / 日文檢定JLPT/ 英文會話 / 商用英文,菁英國際語言教育中心 - 高雄站前：多益衝刺TOEIC / 雅思英文補習班IELTS / 專業托福留學班TOEFL / SAT / 日文會話補習班 / 日文檢定JLPT/ 英文會話 / 商用英文
